"Rk","player_name","Nation","Pos","Squad","Age","Born","MP_Playing Time","Starts_Playing Time","Min_Playing Time","Mins_Per_90_Playing Time","Gls","Ast","G+A","G_minus_PK","PK","PKatt","CrdY","CrdR","xG_Expected","npxG_Expected","xAG_Expected","npxG+xAG_Expected","PrgC_Progression","PrgP_Progression","PrgR_Progression","Gls_Per 90 Minutes","Ast_Per 90 Minutes","G+A_Per 90 Minutes","G_minus_PK_Per 90 Minutes","G+A_minus_PK_Per 90 Minutes","xG_Per 90 Minutes","xAG_Per 90 Minutes","xG+xAG_Per 90 Minutes","npxG_Per 90 Minutes","npxG+xAG_Per 90 Minutes","market_value_euro"
1,"Patrick van Aanholt","nl NED","DF","Crystal Palace",29,1990,22,20,1777,19.7,0,1,1,0,0,0,2,0,1.4,1.4,0.7,2.1,38,103,87,0,0.05,0.05,0,0.05,0.07,0.04,0.11,0.07,0.11,NA
2,"Tammy Abraham","eng ENG","FW","Chelsea",22,1997,22,12,1040,11.6,6,1,7,6,0,0,0,0,5.9,5.9,0.7,6.6,12,11,66,0.52,0.09,0.61,0.52,0.61,0.51,0.06,0.57,0.51,0.57,5e+07
3,"Che Adams","sct SCO","FW","Southampton",24,1996,36,30,2667,29.6,9,5,14,9,0,0,1,0,9.8,9.8,5,14.8,32,57,149,0.3,0.17,0.47,0.3,0.47,0.33,0.17,0.5,0.33,0.5,NA
4,"Tosin Adarabioyo","eng ENG","DF","Fulham",22,1997,33,33,2953,32.8,0,0,0,0,0,0,1,0,1.1,1.1,0.3,1.4,5,75,3,0,0,0,0,0,0.03,0.01,0.04,0.03,0.04,NA
5,"Adrián","es ESP","GK","Liverpool",33,1987,3,3,270,3,0,0,0,0,0,0,0,0,0,0,0,0,0,0,0,0,0,0,0,0,0,0,0,0,0,1e+06
6,"Sergio Agüero","ar ARG","FW","Manchester City",32,1988,12,7,559,6.2,4,1,5,3,1,2,0,0,3.5,1.9,1.2,3.1,12,12,39,0.64,0.16,0.81,0.48,0.64,0.56,0.19,0.75,0.31,0.5,NA
7,"Ola Aina","ng NGA","DF","Fulham",23,1996,31,31,2664,29.6,2,1,3,2,0,0,3,0,1.2,1.2,1.5,2.8,63,106,50,0.07,0.03,0.1,0.07,0.1,0.04,0.05,0.09,0.04,0.09,NA
8,"Rayan Aït-Nouri","dz ALG","DF","Wolves",19,2001,21,16,1404,15.6,1,1,2,1,0,0,1,0,0.6,0.6,0.6,1.2,47,54,85,0.06,0.06,0.13,0.06,0.13,0.04,0.04,0.08,0.04,0.08,2e+07
9,"Semi Ajayi","ng NGA","DF","West Brom",26,1993,33,31,2780,30.9,2,0,2,2,0,0,3,1,1.9,1.9,0.5,2.4,13,73,7,0.06,0,0.06,0.06,0.06,0.06,0.02,0.08,0.06,0.08,NA
10,"Nathan Aké","nl NED","DF","Manchester City",25,1995,10,9,797,8.9,1,0,1,1,0,0,4,0,0.3,0.3,0,0.3,12,52,6,0.11,0,0.11,0.11,0.11,0.03,0,0.03,0.03,0.03,2.5e+07
11,"Marc Albrighton","eng ENG","DF,FW","Leicester City",30,1989,31,17,1746,19.4,1,5,6,1,0,0,2,0,1.2,1.2,3.5,4.7,46,84,139,0.05,0.26,0.31,0.05,0.31,0.06,0.18,0.24,0.06,0.24,2500000
12,"Thiago Alcántara","es ESP","MF","Liverpool",29,1991,24,20,1854,20.6,1,0,1,1,0,0,4,0,1.2,1.2,2.3,3.5,27,203,25,0.05,0,0.05,0.05,0.05,0.06,0.11,0.17,0.06,0.17,2e+07
13,"Toby Alderweireld","be BEL","DF","Tottenham",31,1989,25,25,2240,24.9,1,0,1,1,0,0,2,0,0.7,0.7,0.7,1.4,3,59,1,0.04,0,0.04,0.04,0.04,0.03,0.03,0.06,0.03,0.06,NA
14,"Rúnar Alex Rúnarsson","is ISL","GK","Arsenal",25,1995,1,0,16,0.2,0,0,0,0,0,0,0,0,0,0,0,0,0,0,0,0,0,0,0,0,0,0,0,0,0,NA
15,"Trent Alexander-Arnold","eng ENG","DF","Liverpool",21,1998,36,34,3031,33.7,2,7,9,2,0,0,2,0,2.6,2.6,8.6,11.2,98,251,249,0.06,0.21,0.27,0.06,0.27,0.08,0.26,0.33,0.08,0.33,8e+07
16,"Ezgjan Alioski","mk MKD","DF,MF","Leeds United",28,1992,36,29,2461,27.3,2,3,5,2,0,0,7,0,1.6,1.6,3.3,4.9,77,132,122,0.07,0.11,0.18,0.07,0.18,0.06,0.12,0.18,0.06,0.18,NA
17,"Alisson","br BRA","GK","Liverpool",27,1992,33,33,2970,33,1,0,1,1,0,0,1,0,0.1,0.1,0,0.1,0,1,0,0.03,0,0.03,0.03,0.03,0,0,0,0,0,5e+07
18,"Allan","br BRA","MF","Everton",29,1991,24,23,2051,22.8,0,0,0,0,0,0,6,0,0.3,0.3,0.8,1.1,30,92,8,0,0,0,0,0,0.01,0.03,0.05,0.01,0.05,1.5e+07
19,"Dele Alli","eng ENG","MF","Tottenham",24,1996,15,7,620,6.9,0,1,1,0,0,0,0,0,2,2,1.2,3.3,15,26,30,0,0.15,0.15,0,0.15,0.3,0.18,0.47,0.3,0.47,1.6e+07
19,"Dele Alli","eng ENG","MF","Tottenham",24,1996,15,7,620,6.9,0,1,1,0,0,0,0,0,2,2,1.2,3.3,15,26,30,0,0.15,0.15,0,0.15,0.3,0.18,0.47,0.3,0.47,1.6e+07
20,"Miguel Almirón","py PAR","MF,FW","Newcastle Utd",26,1994,34,28,2429,27,4,1,5,4,0,0,3,0,3.2,3.2,2.9,6.1,70,90,109,0.15,0.04,0.19,0.15,0.19,0.12,0.11,0.23,0.12,0.23,1.6e+07
21,"Marcos Alonso","es ESP","DF","Chelsea",29,1990,13,11,960,10.7,2,0,2,2,0,0,2,0,1.8,1.8,1.3,3.2,24,42,74,0.19,0,0.19,0.19,0.19,0.17,0.13,0.3,0.17,0.3,1.2e+07
22,"Steven Alzate","co COL","MF","Brighton",21,1998,15,10,896,10,1,0,1,1,0,0,2,0,0.8,0.8,0.6,1.4,16,39,16,0.1,0,0.1,0.1,0.1,0.08,0.06,0.14,0.08,0.14,5e+06
23,"Daniel Amartey","gh GHA","DF","Leicester City",25,1994,12,8,722,8,1,0,1,1,0,0,3,0,0.4,0.4,0,0.4,4,24,0,0.12,0,0.12,0.12,0.12,0.05,0,0.05,0.05,0.05,1e+07
24,"Ethan Ampadu","wls WAL","DF,MF","Sheffield Utd",19,2000,25,23,2089,23.2,0,0,0,0,0,0,3,0,0.3,0.3,1.2,1.5,25,100,23,0,0,0,0,0,0.01,0.05,0.07,0.01,0.07,NA
25,"Joachim Andersen","dk DEN","DF","Fulham",24,1996,31,30,2730,30.3,1,1,2,1,0,0,7,1,1.2,1.2,0.4,1.7,20,95,7,0.03,0.03,0.07,0.03,0.07,0.04,0.01,0.05,0.04,0.05,2.5e+07
26,"Elliot Anderson","eng ENG","MF","Newcastle Utd",17,2002,1,0,4,0,0,0,0,0,0,0,0,0,0,0,0,0,0,0,1,0,0,0,0,0,0,0,0,0,0,2e+05
27,"Felipe Anderson","br BRA","FW,MF","West Ham",27,1993,2,0,3,0,0,0,0,0,0,0,0,0,0,0,0,0,2,1,0,0,0,0,0,0,0,0,0,0,0,NA
28,"Michail Antonio","jm JAM","FW","West Ham",30,1990,26,24,1974,21.9,10,5,15,10,0,0,3,0,12.9,12.9,3,16,59,36,177,0.46,0.23,0.68,0.46,0.68,0.59,0.14,0.73,0.59,0.73,1e+07
29,"Alphonse Areola","fr FRA","GK","Fulham",27,1993,36,36,3240,36,0,0,0,0,0,0,2,0,0,0,0,0,0,0,0,0,0,0,0,0,0,0,0,0,0,8e+06
30,"Stuart Armstrong","sct SCO","MF","Southampton",28,1992,33,32,2764,30.7,4,5,9,4,0,0,3,0,2.7,2.7,2.6,5.3,109,144,118,0.13,0.16,0.29,0.13,0.29,0.09,0.08,0.17,0.09,0.17,6e+06
31,"Kepa Arrizabalaga","es ESP","GK","Chelsea",25,1994,7,6,585,6.5,0,0,0,0,0,0,1,0,0,0,0,0,0,2,0,0,0,0,0,0,0,0,0,0,0,1e+07
32,"Pierre-Emerick Aubameyang","ga GAB","FW","Arsenal",31,1989,29,26,2332,25.9,10,3,13,8,2,2,2,0,10.2,8.6,2.4,11,65,66,195,0.39,0.12,0.5,0.31,0.42,0.39,0.09,0.48,0.33,0.42,1.5e+07
33,"Serge Aurier","ci CIV","DF","Tottenham",27,1992,19,19,1605,17.8,2,3,5,2,0,0,0,0,1.1,1.1,3.4,4.5,28,59,82,0.11,0.17,0.28,0.11,0.28,0.06,0.19,0.25,0.06,0.25,NA
34,"Charlie Austin","eng ENG","FW,MF","West Brom",31,1989,5,0,138,1.5,0,0,0,0,0,0,0,0,0.4,0.4,0,0.4,1,3,4,0,0,0,0,0,0.29,0,0.29,0.29,0.29,NA
35,"Jordan Ayew","gh GHA","FW,MF","Crystal Palace",28,1991,33,23,2096,23.3,1,3,4,1,0,0,4,0,2.2,2.2,0.7,2.9,58,35,109,0.04,0.13,0.17,0.04,0.17,0.09,0.03,0.13,0.09,0.13,6e+06
36,"Luke Ayling","eng ENG","DF","Leeds United",28,1991,38,38,3399,37.8,0,0,0,0,0,0,7,0,1.7,1.7,3.2,4.9,110,224,110,0,0,0,0,0,0.05,0.08,0.13,0.05,0.13,4e+06
37,"César Azpilicueta","es ESP","DF","Chelsea",30,1989,26,24,2188,24.3,1,2,3,1,0,0,5,1,0.7,0.7,2.5,3.2,37,135,83,0.04,0.08,0.12,0.04,0.12,0.03,0.1,0.13,0.03,0.13,9e+06
38,"Eric Bailly","ci CIV","DF","Manchester Utd",26,1994,12,10,916,10.2,0,0,0,0,0,0,3,0,0.1,0.1,0,0.1,6,37,0,0,0,0,0,0,0.01,0,0.01,0.01,0.01,6e+06
39,"Fabián Balbuena","py PAR","DF","West Ham",28,1991,14,13,1198,13.3,1,0,1,1,0,0,1,1,0.7,0.7,0,0.7,3,30,2,0.08,0,0.08,0.08,0.08,0.05,0,0.05,0.05,0.05,NA
40,"George Baldock","gr GRE","DF","Sheffield Utd",27,1993,32,32,2787,31,0,2,2,0,0,0,7,0,1.2,1.2,2.9,4,68,75,140,0,0.06,0.06,0,0.06,0.04,0.09,0.13,0.04,0.13,NA
41,"Gareth Bale","wls WAL","FW","Tottenham",31,1989,20,10,920,10.2,11,2,13,11,0,0,1,0,5.8,5.8,1.8,7.6,31,43,85,1.08,0.2,1.27,1.08,1.27,0.57,0.18,0.74,0.57,0.74,NA
42,"Patrick Bamford","eng ENG","FW","Leeds United",26,1993,38,37,3050,33.9,17,7,24,15,2,2,3,0,18.2,16.6,3.5,20.2,32,31,167,0.5,0.21,0.71,0.44,0.65,0.54,0.1,0.64,0.49,0.6,1.6e+07
43,"Phil Bardsley","sct SCO","DF","Burnley",35,1985,4,3,274,3,0,0,0,0,0,0,2,0,0.1,0.1,0,0.1,4,10,6,0,0,0,0,0,0.03,0,0.03,0.03,0.03,250000
44,"Ross Barkley","eng ENG","MF","Aston Villa",26,1993,24,18,1531,17,3,1,4,3,0,0,0,0,3.1,3.1,4.2,7.3,40,88,73,0.18,0.06,0.24,0.18,0.24,0.18,0.24,0.43,0.18,0.43,1.2e+07
45,"Ross Barkley","eng ENG","FW,MF","Chelsea",26,1993,2,0,42,0.5,0,0,0,0,0,0,0,0,0,0,0.1,0.1,2,2,1,0,0,0,0,0,0.05,0.19,0.24,0.05,0.24,1.2e+07
46,"Ashley Barnes","eng ENG","FW","Burnley",30,1989,22,15,1331,14.8,3,0,3,2,1,1,4,0,4.1,3.3,0.8,4.1,8,20,79,0.2,0,0.2,0.14,0.14,0.27,0.05,0.33,0.22,0.27,1500000
47,"Harvey Barnes","eng ENG","FW,MF","Leicester City",22,1997,25,22,1945,21.6,9,4,13,9,0,0,0,0,5.9,5.9,1.6,7.5,105,56,163,0.42,0.19,0.6,0.42,0.6,0.27,0.07,0.35,0.27,0.35,3.2e+07
48,"Kyle Bartley","eng ENG","DF","West Brom",29,1991,30,28,2584,28.7,3,1,4,3,0,0,4,0,2.5,2.5,1.4,3.9,2,44,3,0.1,0.03,0.14,0.1,0.14,0.09,0.05,0.14,0.09,0.14,NA
49,"Chris Basham","eng ENG","DF,MF","Sheffield Utd",32,1988,31,31,2576,28.6,0,1,1,0,0,0,5,0,0.7,0.7,0.9,1.6,38,82,48,0,0.03,0.03,0,0.03,0.03,0.03,0.06,0.03,0.06,NA
50,"Michy Batshuayi","be BEL","FW","Crystal Palace",26,1993,18,7,728,8.1,2,1,3,2,0,0,0,0,1.6,1.6,1.6,3.2,16,13,44,0.25,0.12,0.37,0.25,0.37,0.19,0.2,0.4,0.19,0.4,NA
51,"Jan Bednarek","pl POL","DF","Southampton",24,1996,36,36,3100,34.4,1,1,2,1,0,0,5,1,0.7,0.7,0.6,1.3,13,76,3,0.03,0.03,0.06,0.03,0.06,0.02,0.02,0.04,0.02,0.04,2.2e+07
52,"Donny van de Beek","nl NED","MF,FW","Manchester Utd",23,1997,19,4,524,5.8,1,1,2,1,0,0,1,0,0.4,0.4,0.9,1.3,7,16,39,0.17,0.17,0.34,0.17,0.34,0.06,0.16,0.22,0.06,0.22,2.5e+07
52,"Donny van de Beek","nl NED","MF,FW","Manchester Utd",23,1997,19,4,524,5.8,1,1,2,1,0,0,1,0,0.4,0.4,0.9,1.3,7,16,39,0.17,0.17,0.34,0.17,0.34,0.06,0.16,0.22,0.06,0.22,2.5e+07
53,"Héctor Bellerín","es ESP","DF,MF","Arsenal",25,1995,25,24,2089,23.2,1,2,3,1,0,0,8,0,0.8,0.8,2.4,3.2,46,108,142,0.04,0.09,0.13,0.04,0.13,0.03,0.1,0.14,0.03,0.14,2e+07
54,"Saïd Benrahma","dz ALG","FW,MF","West Ham",24,1995,30,14,1391,15.5,1,6,7,1,0,0,0,0,2.6,2.6,4.1,6.7,63,60,107,0.06,0.39,0.45,0.06,0.45,0.17,0.26,0.43,0.17,0.43,2.5e+07
55,"Josh Benson","eng ENG","MF","Burnley",20,1999,6,2,264,2.9,0,0,0,0,0,0,0,0,0.2,0.2,0,0.2,1,6,8,0,0,0,0,0,0.07,0,0.07,0.07,0.07,NA
56,"Christian Benteke","be BEL","FW","Crystal Palace",29,1990,30,21,1816,20.2,10,1,11,10,0,0,3,1,8.3,8.3,0.9,9.1,14,36,124,0.5,0.05,0.55,0.5,0.55,0.41,0.04,0.45,0.41,0.45,6e+06
57,"Gaetano Berardi","ch SUI","DF","Leeds United",31,1988,2,1,113,1.3,0,0,0,0,0,0,0,0,0.1,0.1,0,0.1,0,2,1,0,0,0,0,0,0.09,0,0.09,0.09,0.09,NA
58,"Jóhann Berg Guðmundsson","is ISL","MF","Burnley",29,1990,22,16,1363,15.1,2,0,2,2,0,0,2,0,1.2,1.2,0.5,1.7,25,31,74,0.13,0,0.13,0.13,0.13,0.08,0.03,0.11,0.08,0.11,NA
59,"Sander Berge","no NOR","MF","Sheffield Utd",22,1998,15,13,1120,12.4,1,1,2,0,1,1,4,0,1.2,0.4,1.1,1.6,39,39,33,0.08,0.08,0.16,0,0.08,0.1,0.09,0.19,0.04,0.13,NA
60,"Steven Bergwijn","nl NED","FW,MF","Tottenham",22,1997,21,13,1208,13.4,1,3,4,1,0,0,3,0,2,2,0.9,2.9,32,25,83,0.07,0.22,0.3,0.07,0.3,0.15,0.06,0.21,0.15,0.21,1.8e+07
61,"Bernard","br BRA","MF,FW","Everton",27,1992,12,3,455,5.1,1,0,1,1,0,0,2,0,0.3,0.3,0.6,0.8,13,37,42,0.2,0,0.2,0.2,0.2,0.05,0.11,0.16,0.05,0.16,NA
62,"Bernardo","br BRA","DF,MF","Brighton",25,1995,3,2,206,2.3,0,0,0,0,0,0,0,0,0.4,0.4,0.1,0.5,2,9,15,0,0,0,0,0,0.16,0.06,0.22,0.16,0.22,NA
63,"Ryan Bertrand","eng ENG","DF","Southampton",30,1989,29,29,2598,28.9,0,1,1,0,0,0,5,0,0.4,0.4,1.3,1.6,46,101,120,0,0.03,0.03,0,0.03,0.01,0.04,0.06,0.01,0.06,3e+06
64,"Yves Bissouma","ml MLI","MF","Brighton",23,1996,36,35,3111,34.6,1,0,1,1,0,0,8,1,1.4,1.4,0.9,2.3,55,146,26,0.03,0,0.03,0.03,0.03,0.04,0.03,0.07,0.04,0.07,3.5e+07
65,"Jayden Bogle","eng ENG","DF,MF","Sheffield Utd",20,2000,16,12,1110,12.3,2,0,2,2,0,0,2,0,1.9,1.9,0.2,2.2,11,24,61,0.16,0,0.16,0.16,0.16,0.16,0.02,0.17,0.16,0.17,NA
66,"Willy Boly","ci CIV","DF","Wolves",29,1991,21,21,1879,20.9,1,1,2,1,0,0,2,0,1.1,1.1,0.3,1.4,5,44,1,0.05,0.05,0.1,0.05,0.1,0.05,0.01,0.06,0.05,0.06,6e+06
67,"Jarrod Bowen","eng ENG","FW,MF","West Ham",23,1996,38,30,2562,28.5,8,5,13,8,0,0,0,0,7.1,7.1,5,12,83,44,165,0.28,0.18,0.46,0.28,0.46,0.25,0.17,0.42,0.25,0.42,4.2e+07
68,"Robbie Brady","ie IRL","MF","Burnley",28,1992,19,12,1052,11.7,1,1,2,1,0,0,3,0,0.8,0.8,0.9,1.7,14,26,40,0.09,0.09,0.17,0.09,0.17,0.07,0.08,0.15,0.07,0.15,NA
69,"Rhian Brewster","eng ENG","FW,MF","Sheffield Utd",20,2000,27,12,1128,12.5,0,0,0,0,0,0,1,0,1.8,1.8,1.6,3.4,11,20,48,0,0,0,0,0,0.14,0.13,0.27,0.14,0.27,NA
70,"Nathan Broadhead","wls WAL","FW","Everton",22,1998,1,0,3,0,0,0,0,0,0,0,0,0,0,0,0,0,0,0,0,0,0,0,0,0,0,0,0,0,0,5e+05
71,"Josh Brownhill","eng ENG","MF","Burnley",24,1995,33,32,2813,31.3,0,1,1,0,0,0,2,0,1.9,1.9,0.7,2.6,22,83,69,0,0.03,0.03,0,0.03,0.06,0.02,0.08,0.06,0.08,7e+06
72,"Joe Bryan","eng ENG","DF,MF","Fulham",26,1993,16,7,669,7.4,1,0,1,1,0,0,2,0,0.6,0.6,0.3,0.9,13,31,33,0.13,0,0.13,0.13,0.13,0.07,0.04,0.12,0.07,0.12,NA
73,"Kean Bryan","eng ENG","DF","Sheffield Utd",23,1996,13,12,1004,11.2,1,0,1,1,0,0,1,0,0.9,0.9,0.6,1.5,7,22,18,0.09,0,0.09,0.09,0.09,0.08,0.05,0.14,0.08,0.14,NA
74,"Oliver Burke","sct SCO","FW","Sheffield Utd",23,1997,25,14,1269,14.1,1,1,2,1,0,0,2,0,2.1,2.1,2.2,4.3,30,19,108,0.07,0.07,0.14,0.07,0.14,0.15,0.16,0.31,0.15,0.31,NA
75,"Dan Burn","eng ENG","DF","Brighton",28,1992,27,23,2061,22.9,1,0,1,1,0,0,5,0,1.5,1.5,0.8,2.3,34,87,73,0.04,0,0.04,0.04,0.04,0.07,0.04,0.1,0.07,0.1,1.2e+07
75,"Dan Burn","eng ENG","DF","Brighton",28,1992,27,23,2061,22.9,1,0,1,1,0,0,5,0,1.5,1.5,0.8,2.3,34,87,73,0.04,0,0.04,0.04,0.04,0.07,0.04,0.1,0.07,0.1,1.2e+07
76,"Jack Butland","eng ENG","GK","Crystal Palace",27,1993,1,1,90,1,0,0,0,0,0,0,0,0,0,0,0,0,0,0,0,0,0,0,0,0,0,0,0,0,0,1800000
77,"David Button","eng ENG","GK","West Brom",31,1989,1,1,90,1,0,0,0,0,0,0,0,0,0,0,0,0,0,0,0,0,0,0,0,0,0,0,0,0,0,NA
78,"Oskar Buur","dk DEN","DF","Wolves",22,1998,1,0,22,0.2,0,0,0,0,0,0,0,0,0,0,0,0,1,0,0,0,0,0,0,0,0,0,0,0,0,NA
79,"Willy Caballero","ar ARG","GK","Chelsea",38,1981,1,1,90,1,0,0,0,0,0,0,0,0,0,0,0,0,0,0,0,0,0,0,0,0,0,0,0,0,0,250000
80,"Gary Cahill","eng ENG","DF","Crystal Palace",34,1985,20,20,1800,20,1,1,2,1,0,0,3,0,0.7,0.7,0.6,1.4,3,46,0,0.05,0.05,0.1,0.05,0.1,0.04,0.03,0.07,0.04,0.07,NA
81,"Tom Cairney","sct SCO","MF","Fulham",29,1991,10,9,759,8.4,1,1,2,1,0,0,2,0,0.5,0.5,1.1,1.6,22,72,25,0.12,0.12,0.24,0.12,0.24,0.06,0.13,0.19,0.06,0.19,NA
82,"Dominic Calvert-Lewin","eng ENG","FW","Everton",23,1997,33,32,2871,31.9,16,0,16,16,0,0,3,0,16.3,16.3,2,18.3,36,46,160,0.5,0,0.5,0.5,0.5,0.51,0.06,0.57,0.51,0.57,4e+07
83,"João Cancelo","pt POR","DF,MF","Manchester City",26,1994,28,27,2299,25.5,2,3,5,2,0,0,5,1,1.6,1.6,4.6,6.2,80,200,150,0.08,0.12,0.2,0.08,0.2,0.06,0.18,0.24,0.06,0.24,6.5e+07
84,"Andy Carroll","eng ENG","FW","Newcastle Utd",31,1989,18,4,392,4.4,1,0,1,1,0,0,1,0,0.8,0.8,0.1,0.9,2,12,18,0.23,0,0.23,0.23,0.23,0.19,0.02,0.21,0.19,0.21,NA
85,"Scott Carson","eng ENG","GK","Manchester City",34,1985,1,1,90,1,0,0,0,0,0,0,0,0,0,0,0,0,0,0,0,0,0,0,0,0,0,0,0,0,0,3e+05
86,"Fabio Carvalho","pt POR","MF,FW","Fulham",17,2002,4,3,255,2.8,1,0,1,1,0,0,0,0,1.2,1.2,0.4,1.6,10,6,14,0.35,0,0.35,0.35,0.35,0.41,0.15,0.56,0.41,0.56,NA
87,"Matty Cash","pl POL","DF","Aston Villa",22,1997,28,28,2372,26.4,0,2,2,0,0,0,8,1,0.3,0.3,1.7,2,43,76,62,0,0.08,0.08,0,0.08,0.01,0.07,0.08,0.01,0.08,2.5e+07
88,"Kiko Casilla","es ESP","GK","Leeds United",33,1986,3,3,270,3,0,0,0,0,0,0,0,0,0,0,0,0,0,0,0,0,0,0,0,0,0,0,0,0,0,NA
89,"Timothy Castagne","be BEL","DF","Leicester City",24,1995,27,27,2345,26.1,2,3,5,2,0,0,1,0,1.1,1.1,2.2,3.4,52,91,148,0.08,0.12,0.19,0.08,0.19,0.04,0.09,0.13,0.04,0.13,2.8e+07
90,"Jonny Castro","es ESP","MF,DF","Wolves",26,1994,7,7,495,5.5,0,0,0,0,0,0,0,0,0.1,0.1,0.1,0.1,13,16,18,0,0,0,0,0,0.01,0.01,0.02,0.01,0.02,NA
91,"Ivan Cavaleiro","pt POR","FW","Fulham",26,1993,36,27,2472,27.5,3,0,3,2,1,2,2,0,6.4,4.8,2.7,7.5,68,63,230,0.11,0,0.11,0.07,0.07,0.23,0.1,0.33,0.17,0.27,NA
92,"Edinson Cavani","uy URU","FW","Manchester Utd",33,1987,26,13,1375,15.3,10,3,13,10,0,0,4,0,8,8,2.2,10.3,5,30,80,0.65,0.2,0.85,0.65,0.85,0.52,0.15,0.67,0.52,0.67,4e+06
93,"Dani Ceballos","es ESP","MF","Arsenal",23,1996,25,17,1615,17.9,0,3,3,0,0,0,4,0,0.6,0.6,2.6,3.3,54,150,52,0,0.17,0.17,0,0.17,0.04,0.15,0.18,0.04,0.18,NA
94,"Calum Chambers","eng ENG","DF","Arsenal",25,1995,10,8,753,8.4,0,2,2,0,0,0,0,0,0.4,0.4,1.1,1.5,16,40,49,0,0.24,0.24,0,0.24,0.05,0.13,0.18,0.05,0.18,1e+07
94,"Calum Chambers","eng ENG","DF","Arsenal",25,1995,10,8,753,8.4,0,2,2,0,0,0,0,0,0.4,0.4,1.1,1.5,16,40,49,0,0.24,0.24,0,0.24,0.05,0.13,0.18,0.05,0.18,1e+07
95,"Ben Chilwell","eng ENG","DF","Chelsea",23,1996,27,27,2286,25.4,3,5,8,3,0,0,3,0,2.4,2.4,2.4,4.9,94,111,186,0.12,0.2,0.31,0.12,0.31,0.1,0.1,0.19,0.1,0.19,3.8e+07
96,"Hamza Choudhury","eng ENG","MF","Leicester City",22,1997,10,4,316,3.5,0,0,0,0,0,0,1,0,0.4,0.4,0,0.4,3,15,1,0,0,0,0,0,0.11,0,0.11,0.11,0.11,4e+06
97,"Andreas Christensen","dk DEN","DF","Chelsea",24,1996,17,15,1371,15.2,0,0,0,0,0,0,2,1,0.1,0.1,0.3,0.4,7,43,1,0,0,0,0,0,0.01,0.02,0.03,0.01,0.03,3.5e+07
98,"Carney Chukwuemeka","eng ENG","MF,FW","Aston Villa",16,2003,2,0,20,0.2,0,0,0,0,0,0,0,0,0,0,0,0,0,1,1,0,0,0,0,0,0.17,0,0.17,0.17,0.17,6e+06
99,"Ciaran Clark","ie IRL","DF","Newcastle Utd",30,1989,22,21,1891,21,1,0,1,1,0,0,3,0,0.7,0.7,0.1,0.8,9,35,4,0.05,0,0.05,0.05,0.05,0.03,0.01,0.04,0.03,0.04,1800000
100,"Nathaniel Clyne","eng ENG","DF","Crystal Palace",29,1991,13,13,1145,12.7,0,1,1,0,0,0,2,0,0.2,0.2,0.2,0.4,18,42,20,0,0.08,0.08,0,0.08,0.01,0.02,0.03,0.01,0.03,2e+06
101,"Conor Coady","eng ENG","DF","Wolves",27,1993,37,37,3303,36.7,1,0,1,1,0,0,5,0,1,1,0.2,1.2,4,67,2,0.03,0,0.03,0.03,0.03,0.03,0,0.03,0.03,0.03,2.5e+07
102,"Séamus Coleman","ie IRL","DF,MF","Everton",31,1988,25,18,1613,17.9,0,3,3,0,0,0,0,0,0.9,0.9,1.8,2.7,31,49,90,0,0.17,0.17,0,0.17,0.05,0.1,0.15,0.05,0.15,3e+06
103,"Aaron Connolly","ie IRL","FW","Brighton",20,2000,17,9,791,8.8,2,1,3,2,0,0,0,0,4,4,0.2,4.2,12,4,58,0.23,0.11,0.34,0.23,0.34,0.45,0.02,0.48,0.45,0.48,6e+06
104,"Liam Cooper","sct SCO","DF","Leeds United",28,1991,25,25,2185,24.3,1,0,1,1,0,0,4,1,1.8,1.8,0,1.8,12,88,1,0.04,0,0.04,0.04,0.04,0.08,0,0.08,0.08,0.08,7e+06
105,"Theo Corbeanu","ca CAN","FW","Wolves",18,2002,1,0,9,0.1,0,0,0,0,0,0,0,0,0,0,0,0,0,0,1,0,0,0,0,0,0,0.42,0.42,0,0.42,NA
106,"Jack Cork","eng ENG","MF","Burnley",31,1989,16,15,1350,15,0,0,0,0,0,0,2,0,0.2,0.2,0.6,0.8,8,37,13,0,0,0,0,0,0.02,0.04,0.05,0.02,0.05,1800000
107,"Hélder Costa","ao ANG","MF,FW","Leeds United",26,1994,22,13,1156,12.8,3,3,6,3,0,0,0,0,2.2,2.2,0.6,2.8,47,28,84,0.23,0.23,0.47,0.23,0.47,0.17,0.04,0.22,0.17,0.22,5e+06
108,"Vladimír Coufal","cz CZE","DF","West Ham",27,1992,34,34,3054,33.9,0,7,7,0,0,0,3,0,1.3,1.3,5.5,6.7,70,128,159,0,0.21,0.21,0,0.21,0.04,0.16,0.2,0.04,0.2,1.2e+07
109,"Aaron Cresswell","eng ENG","DF","West Ham",30,1989,36,36,3170,35.2,0,8,8,0,0,0,3,0,1,1,6.5,7.5,35,162,96,0,0.23,0.23,0,0.23,0.03,0.18,0.21,0.03,0.21,3e+06
110,"Patrick Cutrone","it ITA","FW","Wolves",22,1998,2,0,25,0.3,0,0,0,0,0,0,0,0,0.1,0.1,0,0.1,0,0,3,0,0,0,0,0,0.3,0,0.3,0.3,0.3,NA
111,"Stuart Dallas","nir NIR","MF,DF","Leeds United",29,1991,38,38,3409,37.9,8,2,10,8,0,0,7,0,4.2,4.2,1.8,6.1,95,233,126,0.21,0.05,0.26,0.21,0.26,0.11,0.05,0.16,0.11,0.16,4e+06
112,"Scott Dann","eng ENG","DF","Crystal Palace",33,1987,15,15,1350,15,1,0,1,1,0,0,1,0,0.3,0.3,0,0.3,2,34,0,0.07,0,0.07,0.07,0.07,0.02,0,0.02,0.02,0.02,NA
113,"Karl Darlow","wls WAL","GK","Newcastle Utd",29,1990,25,25,2250,25,0,0,0,0,0,0,3,0,0,0,0,0,0,0,0,0,0,0,0,0,0,0,0,0,0,2500000
114,"Ben Davies","wls WAL","DF","Tottenham",27,1993,20,14,1346,15,0,1,1,0,0,0,1,0,0.2,0.2,0.6,0.8,28,51,55,0,0.07,0.07,0,0.07,0.01,0.04,0.05,0.01,0.05,2500000
114,"Ben Davies","wls WAL","DF","Tottenham",27,1993,20,14,1346,15,0,1,1,0,0,0,1,0,0.2,0.2,0.6,0.8,28,51,55,0,0.07,0.07,0,0.07,0.01,0.04,0.05,0.01,0.05,2e+07
115,"Tom Davies","eng ENG","MF","Everton",22,1998,25,17,1423,15.8,0,1,1,0,0,0,3,0,0.2,0.2,0.9,1.1,11,49,17,0,0.06,0.06,0,0.06,0.01,0.06,0.07,0.01,0.07,1.8e+07
116,"Keinan Davis","eng ENG","FW,MF","Aston Villa",22,1998,15,1,277,3.1,1,1,2,1,0,0,0,0,1.5,1.5,0.6,2.1,7,6,37,0.32,0.32,0.65,0.32,0.65,0.47,0.19,0.67,0.47,0.67,2500000
117,"Leif Davis","eng ENG","DF","Leeds United",20,2000,2,0,33,0.4,0,0,0,0,0,0,0,0,0,0,0,0,1,1,0,0,0,0,0,0,0,0,0,0,0,8e+05
118,"Craig Dawson","eng ENG","DF","West Ham",30,1990,22,22,1925,21.4,3,0,3,3,0,0,5,1,1.9,1.9,0.1,1.9,2,39,1,0.14,0,0.14,0.14,0.14,0.09,0,0.09,0.09,0.09,3e+06
119,"Kevin De Bruyne","be BEL","MF","Manchester City",29,1991,25,23,1997,22.2,6,12,18,4,2,3,1,0,9.3,6.9,8,14.9,102,213,186,0.27,0.54,0.81,0.18,0.72,0.42,0.36,0.78,0.31,0.67,8.5e+07
120,"Liam Delap","eng ENG","FW","Manchester City",17,2003,1,0,40,0.4,0,0,0,0,0,0,0,0,0,0,0,0,0,0,1,0,0,0,0,0,0.1,0,0.1,0.1,0.1,1500000
121,"Fabian Delph","eng ENG","MF,DF","Everton",30,1989,8,2,266,3,0,0,0,0,0,0,1,0,0,0,0.1,0.1,2,11,4,0,0,0,0,0,0.01,0.02,0.03,0.01,0.03,1800000
122,"Leander Dendoncker","be BEL","MF,DF","Wolves",25,1995,33,28,2503,27.8,1,0,1,1,0,0,4,0,3.1,3.1,0.7,3.9,15,88,31,0.04,0,0.04,0.04,0.04,0.11,0.03,0.14,0.11,0.14,2.8e+07
123,"Mbaye Diagne","sn SEN","FW","West Brom",28,1991,16,14,1189,13.2,3,2,5,3,0,0,2,0,6.6,6.6,1,7.6,4,12,60,0.23,0.15,0.38,0.23,0.38,0.5,0.07,0.58,0.5,0.58,NA
124,"Amad Diallo","ci CIV","FW","Manchester Utd",18,2002,3,2,166,1.8,0,1,1,0,0,0,0,0,0,0,0.5,0.5,9,9,7,0,0.54,0.54,0,0.54,0.02,0.27,0.29,0.02,0.29,1.5e+07
125,"Ibrahima Diallo","fr FRA","MF","Southampton",21,1999,22,10,1020,11.3,0,0,0,0,0,0,3,0,0.5,0.5,0.6,1.1,11,46,13,0,0,0,0,0,0.04,0.06,0.1,0.04,0.1,1e+07
126,"Grady Diangana","cd COD","MF,FW","West Brom",22,1998,20,15,1235,13.7,1,0,1,1,0,0,0,0,1.1,1.1,0.2,1.2,25,32,84,0.07,0,0.07,0.07,0.07,0.08,0.01,0.09,0.08,0.09,NA
127,"Rúben Dias","pt POR","DF","Manchester City",23,1997,32,32,2843,31.6,1,0,1,1,0,0,4,0,1.9,1.9,0.1,2,38,154,5,0.03,0,0.03,0.03,0.03,0.06,0,0.06,0.06,0.06,7.5e+07
128,"Eric Dier","eng ENG","DF","Tottenham",26,1994,28,28,2520,28,0,0,0,0,0,0,3,0,1.2,1.2,0.3,1.4,21,65,6,0,0,0,0,0,0.04,0.01,0.05,0.04,0.05,2.8e+07
129,"Lucas Digne","fr FRA","DF,MF","Everton",27,1993,30,30,2681,29.8,0,7,7,0,0,0,2,1,0.5,0.5,5.2,5.7,59,98,197,0,0.23,0.23,0,0.23,0.02,0.17,0.19,0.02,0.19,2.5e+07
129,"Lucas Digne","fr FRA","DF,MF","Everton",27,1993,30,30,2681,29.8,0,7,7,0,0,0,2,1,0.5,0.5,5.2,5.7,59,98,197,0,0.23,0.23,0,0.23,0.02,0.17,0.19,0.02,0.19,2.5e+07
130,"Issa Diop","fr FRA","DF","West Ham",23,1997,18,15,1381,15.3,2,0,2,2,0,0,3,0,0.5,0.5,0,0.5,4,30,1,0.13,0,0.13,0.13,0.13,0.03,0,0.03,0.03,0.03,1e+07
131,"Moussa Djenepo","ml MLI","MF","Southampton",22,1998,27,15,1240,13.8,1,0,1,1,0,0,5,0,0.8,0.8,0.4,1.2,28,32,78,0.07,0,0.07,0.07,0.07,0.06,0.03,0.08,0.06,0.08,1e+07
132,"Matt Doherty","ie IRL","DF","Tottenham",28,1992,17,13,1240,13.8,0,2,2,0,0,0,4,1,0.4,0.4,0.7,1.1,18,42,68,0,0.15,0.15,0,0.15,0.03,0.05,0.08,0.03,0.08,1.2e+07
133,"Abdoulaye Doucouré","ml MLI","MF","Everton",27,1993,29,29,2443,27.1,2,3,5,2,0,0,6,0,2.3,2.3,2,4.3,34,104,70,0.07,0.11,0.18,0.07,0.18,0.09,0.07,0.16,0.09,0.16,2.2e+07
134,"Martin Dúbravka","sk SVK","GK","Newcastle Utd",31,1989,13,13,1170,13,0,0,0,0,0,0,0,0,0,0,0,0,0,0,0,0,0,0,0,0,0,0,0,0,0,4e+06
135,"Paul Dummett","wls WAL","DF","Newcastle Utd",28,1991,15,14,1255,13.9,1,0,1,1,0,0,2,0,0.3,0.3,0.2,0.5,2,29,5,0.07,0,0.07,0.07,0.07,0.02,0.01,0.04,0.02,0.04,1500000
136,"Lewis Dunk","eng ENG","DF","Brighton",28,1991,33,33,2931,32.6,5,0,5,5,0,0,5,2,2.2,2.2,1.2,3.4,27,82,7,0.15,0,0.15,0.15,0.15,0.07,0.04,0.1,0.07,0.1,2e+07
137,"Jimmy Dunne","ie IRL","DF","Burnley",22,1997,3,3,270,3,1,0,1,1,0,0,1,0,0.5,0.5,0.1,0.6,0,4,1,0.33,0,0.33,0.33,0.33,0.17,0.04,0.2,0.17,0.2,NA
138,"Ederson","br BRA","GK","Manchester City",26,1993,36,36,3240,36,0,1,1,0,0,0,3,0,0,0,0.3,0.3,0,1,0,0,0.03,0.03,0,0.03,0,0.01,0.01,0,0.01,4.5e+07
139,"Kyle Edwards","eng ENG","MF,FW","West Brom",22,1998,5,1,118,1.3,0,0,0,0,0,0,0,0,0.1,0.1,0,0.1,5,3,4,0,0,0,0,0,0.09,0.02,0.11,0.09,0.11,NA
140,"John Egan","ie IRL","DF","Sheffield Utd",27,1992,31,30,2629,29.2,0,1,1,0,0,0,7,1,0.8,0.8,0.6,1.4,11,60,2,0,0.03,0.03,0,0.03,0.03,0.02,0.05,0.03,0.05,NA
141,"Anthony Elanga","se SWE","FW","Manchester Utd",18,2002,2,2,155,1.7,1,0,1,1,0,0,0,0,0.4,0.4,0,0.5,2,3,13,0.58,0,0.58,0.58,0.58,0.26,0.02,0.28,0.26,0.28,2e+07
142,"Ahmed Elmohamady","eg EGY","DF","Aston Villa",32,1987,14,8,839,9.3,0,0,0,0,0,0,2,0,0.4,0.4,1,1.4,10,45,36,0,0,0,0,0,0.05,0.11,0.15,0.05,0.15,NA
143,"Mohamed Elneny","eg EGY","MF","Arsenal",28,1992,23,17,1544,17.2,1,0,1,1,0,0,3,0,0.4,0.4,0.2,0.6,17,99,12,0.06,0,0.06,0.06,0.06,0.02,0.01,0.03,0.02,0.03,1.1e+07
144,"Jonny Evans","nir NIR","DF","Leicester City",32,1988,28,28,2473,27.5,2,2,4,2,0,0,7,0,1.7,1.7,0.4,2.1,7,96,5,0.07,0.07,0.15,0.07,0.15,0.06,0.02,0.08,0.06,0.08,4e+06
145,"Eberechi Eze","eng ENG","MF","Crystal Palace",22,1998,34,29,2559,28.4,4,6,10,4,0,0,3,0,2.2,2.2,3.9,6.1,79,127,126,0.14,0.21,0.35,0.14,0.35,0.08,0.14,0.21,0.08,0.21,2.2e+07
146,"Łukasz Fabiański","pl POL","GK","West Ham",35,1985,35,35,3150,35,0,0,0,0,0,0,2,0,0,0,0,0,0,0,0,0,0,0,0,0,0,0,0,0,0,NA
147,"Fabinho","br BRA","DF,MF","Liverpool",26,1993,30,28,2567,28.5,0,0,0,0,0,0,6,0,0.3,0.3,0.3,0.6,27,124,13,0,0,0,0,0,0.01,0.01,0.02,0.01,0.02,6e+07
148,"Bruno Fernandes","pt POR","MF","Manchester Utd",25,1994,37,35,3099,34.4,18,12,30,9,9,10,6,0,16.1,8.2,11.4,19.6,80,285,263,0.52,0.35,0.87,0.26,0.61,0.47,0.33,0.8,0.24,0.57,8.5e+07
149,"Federico Fernández","ar ARG","DF","Newcastle Utd",31,1989,24,24,2079,23.1,0,0,0,0,0,0,4,0,0.3,0.3,0.6,0.8,1,32,7,0,0,0,0,0,0.01,0.03,0.04,0.01,0.04,1500000
150,"Fernandinho","br BRA","MF","Manchester City",35,1985,21,12,1188,13.2,0,2,2,0,0,0,6,0,0.7,0.7,1.3,1.9,31,114,5,0,0.15,0.15,0,0.15,0.05,0.1,0.15,0.05,0.15,1500000
151,"Sam Field","eng ENG","MF","West Brom",22,1998,3,0,62,0.7,0,0,0,0,0,0,0,0,0,0,0,0,0,2,0,0,0,0,0,0,0,0,0,0,0,NA
152,"Roberto Firmino","br BRA","FW","Liverpool",28,1991,36,33,2838,31.5,9,7,16,9,0,0,2,0,11.3,11.3,5.6,16.9,66,140,222,0.29,0.22,0.51,0.29,0.51,0.36,0.18,0.54,0.36,0.54,3.2e+07
153,"Will Fish","eng ENG","FW","Manchester Utd",17,2003,1,0,1,0,0,0,0,0,0,0,0,0,0,0,0,0,0,0,0,0,0,0,0,0,0,0,0,0,0,NA
154,"John Fleck","sct SCO","MF","Sheffield Utd",28,1991,31,29,2575,28.6,0,2,2,0,0,0,4,0,0.6,0.6,2.9,3.5,54,151,62,0,0.07,0.07,0,0.07,0.02,0.1,0.12,0.02,0.12,NA
155,"Phil Foden","eng ENG","FW,MF","Manchester City",20,2000,28,17,1616,18,9,5,14,9,0,0,0,0,5,5,3.6,8.6,81,69,213,0.5,0.28,0.78,0.5,0.78,0.28,0.2,0.48,0.28,0.48,9e+07
156,"Wesley Fofana","fr FRA","DF","Leicester City",19,2000,28,27,2262,25.1,0,0,0,0,0,0,7,0,1,1,0.3,1.3,37,93,8,0,0,0,0,0,0.04,0.01,0.05,0.04,0.05,4e+07
157,"Pablo Fornals","es ESP","FW,MF","West Ham",24,1996,33,31,2572,28.6,5,4,9,5,0,0,3,0,6,6,2.3,8.4,59,134,142,0.17,0.14,0.31,0.17,0.31,0.21,0.08,0.29,0.21,0.29,2.2e+07
158,"Fraser Forster","eng ENG","GK","Southampton",32,1988,8,8,720,8,0,0,0,0,0,0,0,0,0,0,0,0,0,0,0,0,0,0,0,0,0,0,0,0,0,2e+06
159,"Timothy Fosu-Mensah","nl NED","DF","Manchester Utd",22,1998,1,1,80,0.9,0,0,0,0,0,0,1,0,0,0,0.3,0.3,2,5,13,0,0,0,0,0,0.03,0.31,0.33,0.03,0.33,NA
160,"Tyrese Francois","au AUS","DF","Fulham",20,2000,1,0,15,0.2,0,0,0,0,0,0,0,0,0,0,0,0,2,1,2,0,0,0,0,0,0,0,0,0,0,NA
161,"Ryan Fraser","sct SCO","FW,MF","Newcastle Utd",26,1994,18,9,928,10.3,0,2,2,0,0,0,2,1,0.9,0.9,2,2.9,21,18,71,0,0.19,0.19,0,0.19,0.09,0.19,0.28,0.09,0.28,1e+07
162,"Fred","br BRA","MF","Manchester Utd",27,1993,30,27,2390,26.6,1,0,1,1,0,0,5,0,1.8,1.8,1.9,3.7,31,189,33,0.04,0,0.04,0.04,0.04,0.07,0.07,0.14,0.07,0.14,2e+07
163,"Ryan Fredericks","eng ENG","DF,FW","West Ham",27,1992,14,6,569,6.3,1,1,2,1,0,0,2,0,0.3,0.3,1.2,1.5,11,20,39,0.16,0.16,0.32,0.16,0.32,0.04,0.19,0.24,0.04,0.24,1500000
164,"Christian Fuchs","at AUT","DF","Leicester City",34,1986,9,8,702,7.8,0,0,0,0,0,0,4,0,0.1,0.1,0,0.1,2,39,7,0,0,0,0,0,0.01,0,0.01,0.01,0.01,NA
165,"Darnell Furlong","eng ENG","DF","West Brom",24,1995,35,32,2932,32.6,1,3,4,1,0,0,5,0,2,2,1.9,4,44,78,104,0.03,0.09,0.12,0.03,0.12,0.06,0.06,0.12,0.06,0.12,NA
166,"Conor Gallagher","eng ENG","MF","West Brom",20,2000,30,28,2531,28.1,2,2,4,2,0,0,11,0,1.5,1.5,1.8,3.3,32,97,59,0.07,0.07,0.14,0.07,0.14,0.05,0.06,0.12,0.05,0.12,2.5e+07
167,"Eric García","es ESP","DF","Manchester City",19,2001,6,3,383,4.3,0,0,0,0,0,0,0,0,0.1,0.1,0,0.1,8,22,0,0,0,0,0,0,0.02,0,0.02,0.02,0.02,NA
168,"Dwight Gayle","eng ENG","FW,MF","Newcastle Utd",29,1990,18,4,514,5.7,1,1,2,1,0,0,0,0,2.9,2.9,0.3,3.3,3,6,30,0.18,0.18,0.35,0.18,0.35,0.51,0.06,0.57,0.51,0.57,1500000
169,"Jean-Philippe Gbamin","ci CIV","MF","Everton",24,1995,1,0,12,0.1,0,0,0,0,0,0,0,0,0,0,0,0,0,2,0,0,0,0,0,0,0,0,0,0,0,9e+06
170,"David de Gea","es ESP","GK","Manchester Utd",29,1990,26,26,2295,25.5,0,0,0,0,0,0,0,0,0,0,0,0,0,0,0,0,0,0,0,0,0,0,0,0,0,1.5e+07
171,"Anwar El Ghazi","nl NED","FW","Aston Villa",25,1995,28,17,1613,17.9,10,0,10,6,4,4,2,0,8.4,5.3,1.8,7.1,50,47,163,0.56,0,0.56,0.33,0.33,0.47,0.1,0.57,0.3,0.39,9e+06
171,"Anwar El Ghazi","nl NED","FW","Aston Villa",25,1995,28,17,1613,17.9,10,0,10,6,4,4,2,0,8.4,5.3,1.8,7.1,50,47,163,0.56,0,0.56,0.33,0.33,0.47,0.1,0.57,0.3,0.39,9e+06
172,"Kieran Gibbs","eng ENG","DF","West Brom",30,1989,10,9,809,9,0,0,0,0,0,0,1,1,0.1,0.1,0.4,0.4,11,19,17,0,0,0,0,0,0.01,0.04,0.05,0.01,0.05,NA
173,"Morgan Gibbs-White","eng ENG","MF,FW","Wolves",20,2000,11,4,414,4.6,1,0,1,1,0,0,1,0,0.8,0.8,0.4,1.2,15,28,27,0.22,0,0.22,0.22,0.22,0.17,0.09,0.25,0.17,0.25,1.1e+07
174,"Billy Gilmour","sct SCO","MF","Chelsea",19,2001,5,3,261,2.9,0,0,0,0,0,0,0,0,0.1,0.1,0.2,0.2,3,18,1,0,0,0,0,0,0.02,0.06,0.07,0.02,0.07,1.2e+07
174,"Billy Gilmour","sct SCO","MF","Chelsea",19,2001,5,3,261,2.9,0,0,0,0,0,0,0,0,0.1,0.1,0.2,0.2,3,18,1,0,0,0,0,0,0.02,0.06,0.07,0.02,0.07,1.2e+07
175,"Olivier Giroud","fr FRA","FW","Chelsea",33,1986,17,8,748,8.3,4,0,4,4,0,0,1,0,4.2,4.2,1.1,5.3,0,5,40,0.48,0,0.48,0.48,0.48,0.51,0.13,0.64,0.51,0.64,NA
176,"Ben Godfrey","eng ENG","DF","Everton",22,1998,31,29,2685,29.8,0,2,2,0,0,0,4,0,1,1,0.8,1.8,46,63,10,0,0.07,0.07,0,0.07,0.03,0.03,0.06,0.03,0.06,2e+07
177,"André Gomes","pt POR","MF","Everton",27,1993,28,17,1570,17.4,0,1,1,0,0,0,3,0,0.5,0.5,1,1.4,30,103,28,0,0.06,0.06,0,0.06,0.03,0.06,0.08,0.03,0.08,1.8e+07
178,"Joe Gomez","eng ENG","DF","Liverpool",23,1997,7,6,590,6.6,0,0,0,0,0,0,0,0,0,0,0,0,4,38,1,0,0,0,0,0,0,0.01,0.01,0,0.01,1.8e+07
179,"Anthony Gordon","eng ENG","FW,MF","Everton",19,2001,3,1,88,1,0,0,0,0,0,0,0,0,0,0,0,0,3,2,5,0,0,0,0,0,0,0.03,0.03,0,0.03,2e+07
180,"Karlan Grant","eng ENG","FW,MF","West Brom",22,1997,21,14,1127,12.5,1,0,1,1,0,0,1,0,1.8,1.8,0.2,2,21,13,69,0.08,0,0.08,0.08,0.08,0.15,0.02,0.16,0.15,0.16,NA
181,"Demarai Gray","jm JAM","FW","Leicester City",24,1996,1,0,19,0.2,0,0,0,0,0,0,0,0,0.1,0.1,0,0.1,1,0,3,0,0,0,0,0,0.32,0,0.32,0.32,0.32,2.2e+07
182,"Jack Grealish","eng ENG","FW,MF","Aston Villa",24,1995,26,24,2185,24.3,6,10,16,6,0,0,6,0,4.6,4.6,7.4,12,172,189,212,0.25,0.41,0.66,0.25,0.66,0.19,0.3,0.5,0.19,0.5,7e+07
183,"Mason Greenwood","eng ENG","FW","Manchester Utd",18,2001,31,21,1822,20.2,7,2,9,7,0,0,2,0,6,6,2.2,8.2,67,52,175,0.35,0.1,0.44,0.35,0.44,0.29,0.11,0.4,0.29,0.4,NA
184,"Pascal Groß","de GER","MF,DF","Brighton",29,1991,34,27,2484,27.6,3,8,11,0,3,4,3,0,4.9,1.7,5.2,6.9,57,165,168,0.11,0.29,0.4,0,0.29,0.18,0.19,0.36,0.06,0.25,6e+06
185,"Kamil Grosicki","pl POL","MF,FW","West Brom",32,1988,3,2,148,1.6,0,1,1,0,0,0,0,0,0.1,0.1,0.3,0.4,7,4,12,0,0.61,0.61,0,0.61,0.07,0.19,0.26,0.07,0.26,NA
186,"Vicente Guaita","es ESP","GK","Crystal Palace",33,1987,37,37,3330,37,0,0,0,0,0,0,2,0,0,0,0,0,0,0,0,0,0,0,0,0,0,0,0,0,0,1500000
187,"İlkay Gündoğan","de GER","MF","Manchester City",29,1990,28,23,2029,22.5,13,2,15,12,1,2,1,0,9,7.4,3.5,10.9,69,167,92,0.58,0.09,0.67,0.53,0.62,0.4,0.15,0.55,0.33,0.48,2.5e+07
188,"Antwoine Hackford","eng ENG","DF","Sheffield Utd",16,2004,1,0,11,0.1,0,0,0,0,0,0,0,0,0.1,0.1,0,0.1,0,0,0,0,0,0,0,0,0.84,0,0.84,0.84,0.84,NA
189,"Sébastien Haller","ci CIV","FW","West Ham",26,1994,16,10,937,10.4,3,0,3,3,0,0,0,0,2.9,2.9,1.4,4.3,4,19,52,0.29,0,0.29,0.29,0.29,0.28,0.14,0.41,0.28,0.41,NA
190,"Rekeem Harper","eng ENG","MF","West Brom",20,2000,2,0,32,0.4,0,0,0,0,0,0,0,0,0,0,0,0,0,1,1,0,0,0,0,0,0.09,0,0.09,0.09,0.09,NA
191,"Jack Harrison","eng ENG","MF,FW","Leeds United",23,1996,36,34,2847,31.6,8,8,16,8,0,0,2,0,5.8,5.8,6.5,12.4,108,98,307,0.25,0.25,0.51,0.25,0.51,0.18,0.21,0.39,0.18,0.39,1.8e+07
192,"Kortney Hause","eng ENG","DF","Aston Villa",25,1995,7,7,630,7,1,0,1,1,0,0,2,0,1,1,0,1,1,10,0,0.14,0,0.14,0.14,0.14,0.15,0,0.15,0.15,0.15,4e+06
193,"Kai Havertz","de GER","MF,FW","Chelsea",21,1999,27,18,1520,16.9,4,3,7,4,0,0,2,0,5.5,5.5,1.3,6.8,47,74,133,0.24,0.18,0.41,0.24,0.41,0.33,0.08,0.4,0.33,0.4,7e+07
194,"Isaac Hayden","eng ENG","MF,DF","Newcastle Utd",25,1995,24,22,1942,21.6,0,0,0,0,0,0,8,0,0.7,0.7,0.3,1,7,47,20,0,0,0,0,0,0.03,0.01,0.04,0.03,0.04,8e+06
195,"Michael Hector","jm JAM","DF","Fulham",28,1992,4,3,263,2.9,0,0,0,0,0,0,2,0,0.1,0.1,0,0.1,0,12,0,0,0,0,0,0,0.02,0.01,0.03,0.02,0.03,NA
196,"Ahmed Hegazi","eg EGY","DF","West Brom",29,1991,1,1,90,1,0,0,0,0,0,0,0,0,0,0,0,0,0,2,0,0,0,0,0,0,0,0,0,0,0,NA
197,"Dean Henderson","eng ENG","GK","Manchester Utd",23,1997,13,12,1125,12.5,0,0,0,0,0,0,3,0,0,0,0,0,0,0,0,0,0,0,0,0,0,0,0,0,0,1.8e+07
198,"Jordan Henderson","eng ENG","MF,DF","Liverpool",30,1990,21,20,1704,18.9,1,1,2,1,0,0,0,0,1.3,1.3,1.5,2.8,46,169,21,0.05,0.05,0.11,0.05,0.11,0.07,0.08,0.15,0.07,0.15,1.5e+07
199,"Jeff Hendrick","ie IRL","MF","Newcastle Utd",28,1992,22,17,1422,15.8,2,1,3,2,0,0,3,1,1.1,1.1,1.1,2.2,7,37,24,0.13,0.06,0.19,0.13,0.19,0.07,0.07,0.14,0.07,0.14,5e+06
200,"Pablo Hernández","es ESP","MF","Leeds United",35,1985,16,3,427,4.7,0,2,2,0,0,0,1,0,1.1,1.1,0.7,1.8,33,70,34,0,0.42,0.42,0,0.42,0.23,0.15,0.38,0.23,0.38,NA
201,"Son Heung-min","kr KOR","FW","Tottenham",28,1992,37,36,3114,34.6,17,10,27,16,1,1,0,0,9.7,8.9,8.4,17.4,88,87,266,0.49,0.29,0.78,0.46,0.75,0.28,0.24,0.52,0.26,0.5,NA
202,"Ki-Jana Hoever","nl NED","DF,MF","Wolves",18,2002,12,5,577,6.4,0,0,0,0,0,0,1,0,0,0,0.2,0.2,17,19,38,0,0,0,0,0,0.01,0.03,0.04,0.01,0.04,6e+06
203,"Rob Holding","eng ENG","DF","Arsenal",24,1995,30,28,2558,28.4,0,1,1,0,0,0,2,0,1,1,0.2,1.2,10,114,1,0,0.04,0.04,0,0.04,0.04,0.01,0.04,0.04,0.04,1e+07
204,"Mason Holgate","eng ENG","DF","Everton",23,1996,28,26,2287,25.4,1,0,1,1,0,0,9,0,1,1,0.7,1.7,21,57,36,0.04,0,0.04,0.04,0.04,0.04,0.03,0.07,0.04,0.07,1.8e+07
205,"Conor Hourihane","ie IRL","MF","Aston Villa",29,1991,4,3,225,2.5,1,1,2,1,0,0,0,0,0.7,0.7,0.6,1.3,1,23,11,0.4,0.4,0.8,0.4,0.8,0.26,0.25,0.51,0.26,0.51,1800000
206,"Callum Hudson-Odoi","eng ENG","FW,DF","Chelsea",19,2000,23,10,1059,11.8,2,3,5,2,0,0,0,0,1.3,1.3,2.8,4.1,89,75,155,0.17,0.25,0.42,0.17,0.42,0.11,0.24,0.35,0.11,0.35,2.5e+07
207,"Niall Huggins","wls WAL","DF","Leeds United",19,2000,1,0,38,0.4,0,0,0,0,0,0,0,0,0,0,0,0,1,1,1,0,0,0,0,0,0,0,0,0,0,NA
208,"Pierre Højbjerg","dk DEN","MF","Tottenham",24,1995,38,38,3420,38,2,4,6,2,0,0,9,0,1.1,1.1,1.6,2.7,36,218,26,0.05,0.11,0.16,0.05,0.16,0.03,0.04,0.07,0.03,0.07,NA
209,"Odion Ighalo","ng NGA","FW","Manchester Utd",31,1989,1,0,10,0.1,0,0,0,0,0,0,0,0,0,0,0,0,0,0,1,0,0,0,0,0,0,0,0,0,0,NA
210,"Kelechi Iheanacho","ng NGA","FW","Leicester City",23,1996,25,16,1459,16.2,12,2,14,12,0,1,1,0,8.2,7.4,3.7,11.1,31,41,124,0.74,0.12,0.86,0.74,0.86,0.51,0.23,0.74,0.46,0.69,2e+07
211,"Danny Ings","eng ENG","FW","Southampton",28,1992,29,26,2173,24.1,12,4,16,10,2,2,1,0,8.5,6.9,2.1,9.1,37,52,134,0.5,0.17,0.66,0.41,0.58,0.35,0.09,0.44,0.29,0.38,2e+07
212,"Branislav Ivanović","rs SRB","DF","West Brom",36,1984,13,8,767,8.5,0,0,0,0,0,0,2,0,0.5,0.5,0.1,0.6,0,10,1,0,0,0,0,0,0.06,0.01,0.07,0.06,0.07,NA
213,"Alex Iwobi","ng NGA","FW,MF","Everton",24,1996,30,17,1542,17.1,1,2,3,1,0,0,0,0,0.9,0.9,1.9,2.8,72,65,99,0.06,0.12,0.18,0.06,0.18,0.05,0.11,0.16,0.05,0.16,1.8e+07
214,"José Izquierdo","co COL","DF","Brighton",28,1992,1,0,9,0.1,0,0,0,0,0,0,0,0,0,0,0,0,1,0,2,0,0,0,0,0,0.24,0,0.24,0.24,0.24,NA
215,"Phil Jagielka","eng ENG","DF","Sheffield Utd",37,1982,10,6,526,5.8,0,0,0,0,0,0,1,1,0,0,0,0,1,6,2,0,0,0,0,0,0,0,0,0,0,NA
216,"Alireza Jahanbakhsh","ir IRN","FW,MF","Brighton",26,1993,21,6,528,5.9,0,1,1,0,0,0,3,0,1.5,1.5,3,4.5,18,28,53,0,0.17,0.17,0,0.17,0.26,0.51,0.77,0.26,0.77,NA
217,"Daniel James","wls WAL","FW","Manchester Utd",22,1997,15,11,910,10.1,3,1,4,3,0,0,3,0,2.2,2.2,0.9,3.1,36,32,84,0.3,0.1,0.4,0.3,0.4,0.22,0.09,0.31,0.22,0.31,1.8e+07
217,"Daniel James","wls WAL","FW","Manchester Utd",22,1997,15,11,910,10.1,3,1,4,3,0,0,3,0,2.2,2.2,0.9,3.1,36,32,84,0.3,0.1,0.4,0.3,0.4,0.22,0.09,0.31,0.22,0.31,1.8e+07
218,"Reece James","eng ENG","DF","Chelsea",20,1999,32,25,2373,26.4,1,2,3,1,0,0,3,0,1.6,1.6,3.5,5,80,128,204,0.04,0.08,0.11,0.04,0.11,0.06,0.13,0.19,0.06,0.19,6e+07
219,"Alexandre Jankewitz","ch SUI","MF","Southampton",18,2001,2,1,3,0,0,0,0,0,0,0,0,1,0,0,0,0,0,1,0,0,0,0,0,0,0,0,0,0,0,NA
220,"Daniel Jebbison","eng ENG","FW","Sheffield Utd",16,2003,4,3,284,3.2,1,0,1,1,0,0,0,0,1.1,1.1,0,1.2,2,1,6,0.32,0,0.32,0.32,0.32,0.36,0.01,0.37,0.36,0.37,NA
221,"Gabriel Jesus","br BRA","FW","Manchester City",23,1997,29,22,2063,22.9,9,4,13,9,0,0,2,0,8.7,8.7,2.7,11.4,54,41,202,0.39,0.17,0.57,0.39,0.57,0.38,0.12,0.5,0.38,0.5,5e+07
222,"Raúl Jiménez","mx MEX","FW","Wolves",29,1991,10,10,823,9.1,4,0,4,4,0,0,0,0,2.4,2.4,0.3,2.7,23,26,46,0.44,0,0.44,0.44,0.44,0.27,0.03,0.29,0.27,0.29,1.8e+07
223,"Joelinton","br BRA","FW,MF","Newcastle Utd",23,1996,31,23,1983,22,4,2,6,3,1,1,3,0,5.4,4.6,2.4,7.1,34,39,104,0.18,0.09,0.27,0.14,0.23,0.25,0.11,0.36,0.21,0.32,2e+07
224,"Ben Johnson","eng ENG","DF,FW","West Ham",20,2000,14,5,523,5.8,1,0,1,1,0,0,1,0,0.4,0.4,0.4,0.8,11,20,24,0.17,0,0.17,0.17,0.17,0.07,0.07,0.14,0.07,0.14,9e+06
225,"Sam Johnstone","eng ENG","GK","West Brom",27,1993,37,37,3330,37,0,1,1,0,0,0,1,0,0,0,0.2,0.2,0,0,0,0,0.03,0.03,0,0.03,0,0.01,0.01,0,0.01,NA
226,"Curtis Jones","eng ENG","MF","Liverpool",19,2001,24,13,1179,13.1,1,2,3,1,0,0,2,0,1.7,1.7,1.5,3.2,42,89,79,0.08,0.15,0.23,0.08,0.23,0.13,0.11,0.24,0.13,0.24,2.8e+07
227,"Jorginho","it ITA","MF","Chelsea",28,1991,28,23,2010,22.3,7,1,8,0,7,9,2,0,7.3,0.2,1.7,1.8,16,145,14,0.31,0.04,0.36,0,0.04,0.33,0.07,0.4,0.01,0.08,4e+07
228,"Willian José","br BRA","FW","Wolves",28,1991,17,12,1110,12.3,1,0,1,1,0,0,0,0,1.6,1.6,1.2,2.8,12,15,55,0.08,0,0.08,0.08,0.08,0.13,0.1,0.23,0.13,0.23,NA
229,"Diogo Jota","pt POR","FW","Liverpool",23,1996,19,12,1112,12.4,9,0,9,9,0,0,2,0,6.4,6.4,1.6,8,54,43,125,0.73,0,0.73,0.73,0.73,0.51,0.13,0.64,0.51,0.64,6e+07
230,"James Justin","eng ENG","DF","Leicester City",22,1998,23,23,2070,23,2,1,3,2,0,0,4,0,2.2,2.2,2,4.1,64,94,135,0.09,0.04,0.13,0.09,0.13,0.09,0.09,0.18,0.09,0.18,2.5e+07
231,"Ozan Kabak","tr TUR","DF","Liverpool",20,2000,9,9,801,8.9,0,0,0,0,0,0,3,0,0.1,0.1,0,0.2,3,20,1,0,0,0,0,0,0.02,0,0.02,0.02,0.02,1e+07
232,"Aboubakar Kamara","mr MTN","FW,MF","Fulham",25,1995,11,2,315,3.5,0,0,0,0,0,0,1,1,0.5,0.5,0.3,0.9,11,6,30,0,0,0,0,0,0.16,0.09,0.25,0.16,0.25,NA
233,"Harry Kane","eng ENG","FW","Tottenham",27,1993,35,35,3082,34.2,23,14,37,19,4,4,1,0,20.1,16.9,7.1,24,75,132,185,0.67,0.41,1.08,0.55,0.96,0.59,0.21,0.79,0.49,0.7,9e+07
234,"N'Golo Kanté","fr FRA","MF","Chelsea",29,1991,30,24,2146,23.8,0,2,2,0,0,0,7,0,0.6,0.6,1.3,1.9,38,116,39,0,0.08,0.08,0,0.08,0.02,0.05,0.08,0.02,0.08,4e+07
235,"Moise Kean","it ITA","FW,MF","Everton",20,2000,2,0,15,0.2,0,0,0,0,0,0,0,0,0,0,0,0,4,0,5,0,0,0,0,0,0.28,0,0.28,0.28,0.28,2.4e+07
236,"Michael Keane","eng ENG","DF","Everton",27,1993,35,33,2991,33.2,3,1,4,3,0,0,4,0,1.5,1.5,1.1,2.6,14,78,3,0.09,0.03,0.12,0.09,0.12,0.05,0.03,0.08,0.05,0.08,2e+07
237,"Neeskens Kebano","cd COD","FW,MF","Fulham",28,1992,5,1,119,1.3,0,0,0,0,0,0,0,0,0.3,0.3,0,0.3,7,1,15,0,0,0,0,0,0.2,0.01,0.21,0.2,0.21,NA
238,"Naby Keïta","gn GUI","MF","Liverpool",25,1995,10,7,520,5.8,0,0,0,0,0,0,1,0,0.4,0.4,0.6,1,18,33,19,0,0,0,0,0,0.07,0.11,0.18,0.07,0.18,2.5e+07
239,"Caoimhín Kelleher","ie IRL","GK","Liverpool",21,1998,2,2,180,2,0,0,0,0,0,0,0,0,0,0,0,0,0,0,0,0,0,0,0,0,0,0,0,0,0,8e+06
240,"Martin Kelly","eng ENG","DF","Crystal Palace",30,1990,1,0,2,0,0,0,0,0,0,0,0,0,0,0,0,0,0,0,0,0,0,0,0,0,0,0,0,0,0,1e+06
241,"Jonjoe Kenny","eng ENG","DF","Everton",23,1997,4,1,79,0.9,0,0,0,0,0,0,0,0,0,0,0,0,2,1,7,0,0,0,0,0,0,0,0,0,0,4e+06
242,"Reda Khadra","de GER","MF","Brighton",19,2001,1,0,5,0.1,0,0,0,0,0,0,0,0,0,0,0,0,1,0,1,0,0,0,0,0,0,0,0,0,0,NA
243,"Max Kilman","eng ENG","DF","Wolves",23,1997,18,14,1310,14.6,0,1,1,0,0,0,4,0,0.8,0.8,0.5,1.3,11,46,2,0,0.07,0.07,0,0.07,0.05,0.04,0.09,0.05,0.09,NA
244,"Joshua King","no NOR","MF,FW","Everton",28,1992,11,0,148,1.6,0,0,0,0,0,0,0,0,0.6,0.6,0,0.6,9,5,20,0,0,0,0,0,0.37,0,0.37,0.37,0.37,8e+06
245,"Mateusz Klich","pl POL","MF","Leeds United",30,1990,35,28,2393,26.6,4,5,9,2,2,2,6,0,3,1.4,3.4,4.9,70,184,152,0.15,0.19,0.34,0.08,0.26,0.11,0.13,0.24,0.05,0.18,3e+06
246,"Robin Koch","de GER","DF,MF","Leeds United",24,1996,17,13,1132,12.6,0,0,0,0,0,0,1,0,0.7,0.7,0.1,0.8,8,49,3,0,0,0,0,0,0.06,0.01,0.07,0.06,0.07,1.6e+07
247,"Sead Kolašinac","ba BIH","DF","Arsenal",27,1993,1,1,90,1,0,0,0,0,0,0,0,0,0,0,0,0,2,2,9,0,0,0,0,0,0,0,0,0,0,NA
248,"Terence Kongolo","nl NED","DF","Fulham",26,1994,1,1,90,1,0,0,0,0,0,0,0,0,0,0,0,0,0,3,1,0,0,0,0,0,0,0,0,0,0,NA
249,"Ezri Konsa","eng ENG","DF","Aston Villa",22,1997,36,35,3196,35.5,2,0,2,2,0,0,3,0,2.4,2.4,0.1,2.5,3,32,5,0.06,0,0.06,0.06,0.06,0.07,0,0.07,0.07,0.07,2.2e+07
250,"Cheikhou Kouyaté","sn SEN","DF","Crystal Palace",30,1989,36,35,3121,34.7,1,0,1,1,0,0,4,0,0.7,0.7,1,1.6,6,32,11,0.03,0,0.03,0.03,0.03,0.02,0.03,0.05,0.02,0.05,4e+06
251,"Mateo Kovačić","hr CRO","MF","Chelsea",26,1994,27,21,1815,20.2,0,1,1,0,0,0,4,0,1,1,1.7,2.7,51,189,37,0,0.05,0.05,0,0.05,0.05,0.08,0.13,0.05,0.13,NA
252,"Emil Krafth","se SWE","DF","Newcastle Utd",25,1994,16,14,1288,14.3,1,0,1,1,0,0,4,0,0.3,0.3,0.4,0.7,12,28,25,0.07,0,0.07,0.07,0.07,0.02,0.03,0.05,0.02,0.05,5e+06
253,"Filip Krovinović","hr CRO","MF","West Brom",24,1995,11,5,546,6.1,0,0,0,0,0,0,0,0,0.3,0.3,0.2,0.4,15,41,21,0,0,0,0,0,0.04,0.03,0.07,0.04,0.07,NA
254,"Alexandre Lacazette","fr FRA","FW","Arsenal",29,1991,31,22,1923,21.4,13,2,15,10,3,3,3,0,11.7,9.3,2.2,11.5,15,55,112,0.61,0.09,0.7,0.47,0.56,0.55,0.1,0.65,0.43,0.54,1.5e+07
255,"Adam Lallana","eng ENG","MF,FW","Brighton",32,1988,30,16,1596,17.7,1,1,2,1,0,0,0,0,1.6,1.6,2.6,4.2,33,109,77,0.06,0.06,0.11,0.06,0.11,0.09,0.14,0.23,0.09,0.23,2e+06
256,"Érik Lamela","ar ARG","FW,MF","Tottenham",28,1992,23,5,717,8,1,0,1,1,0,0,6,1,1.1,1.1,1,2.1,28,36,49,0.13,0,0.13,0.13,0.13,0.14,0.12,0.26,0.14,0.26,NA
257,"Tariq Lamptey","gh GHA","DF,MF","Brighton",19,2000,11,11,886,9.8,1,1,2,1,0,0,4,1,0.7,0.7,0.8,1.5,40,26,76,0.1,0.1,0.2,0.1,0.2,0.07,0.08,0.15,0.07,0.15,1.8e+07
258,"Manuel Lanzini","ar ARG","MF,FW","West Ham",27,1993,17,5,566,6.3,1,1,2,1,0,0,1,0,1,1,0.9,1.8,7,28,20,0.16,0.16,0.32,0.16,0.32,0.15,0.14,0.29,0.15,0.29,1.2e+07
259,"Aymeric Laporte","es ESP","DF","Manchester City",26,1994,16,14,1344,14.9,0,0,0,0,0,0,1,0,0.8,0.8,0.4,1.1,28,99,1,0,0,0,0,0,0.05,0.02,0.07,0.05,0.07,4.5e+07
260,"Jamaal Lascelles","eng ENG","DF","Newcastle Utd",26,1993,19,19,1625,18.1,2,0,2,2,0,0,4,0,1.3,1.3,0.1,1.4,4,22,2,0.11,0,0.11,0.11,0.11,0.07,0.01,0.08,0.07,0.08,1e+07
261,"Maxime Le Marchand","fr FRA","DF","Fulham",30,1989,2,1,123,1.4,0,0,0,0,0,0,2,0,0,0,0,0,0,8,0,0,0,0,0,0,0.01,0,0.01,0.01,0.01,NA
262,"Mario Lemina","ga GAB","MF","Fulham",26,1993,28,19,1703,18.9,1,0,1,1,0,0,5,0,0.7,0.7,0.8,1.5,19,78,15,0.05,0,0.05,0.05,0.05,0.04,0.04,0.08,0.04,0.08,NA
263,"Bernd Leno","de GER","GK","Arsenal",28,1992,35,35,3131,34.8,0,0,0,0,0,0,0,1,0,0,0,0,0,2,0,0,0,0,0,0,0,0,0,0,0,9e+06
264,"Khanya Leshabela","za RSA","MF","Leicester City",20,1999,1,0,10,0.1,0,0,0,0,0,0,0,0,0,0,0,0,3,2,0,0,0,0,0,0,0,0,0,0,0,NA
265,"Jamal Lewis","nir NIR","DF","Newcastle Utd",22,1998,24,20,1837,20.4,0,1,1,0,0,0,4,0,0.1,0.1,1,1.1,27,41,56,0,0.05,0.05,0,0.05,0.01,0.05,0.06,0.01,0.06,1e+07
266,"Victor Lindelöf","se SWE","DF","Manchester Utd",26,1994,29,29,2585,28.7,1,1,2,1,0,0,0,0,0.6,0.6,0.3,0.9,18,92,2,0.03,0.03,0.07,0.03,0.07,0.02,0.01,0.03,0.02,0.03,2.2e+07
267,"Jesse Lingard","eng ENG","MF,FW","West Ham",27,1992,16,16,1421,15.8,9,4,13,8,1,2,3,0,4.5,2.8,2.1,5,59,75,84,0.57,0.25,0.82,0.51,0.76,0.29,0.13,0.42,0.18,0.31,1.8e+07
268,"Jake Livermore","eng ENG","MF","West Brom",30,1989,18,15,1242,13.8,0,0,0,0,0,0,2,1,0.3,0.3,0.2,0.5,0,26,6,0,0,0,0,0,0.02,0.01,0.04,0.02,0.04,NA
269,"Diego Llorente","es ESP","DF","Leeds United",26,1993,15,14,1204,13.4,1,0,1,1,0,0,1,0,0.8,0.8,0.5,1.3,7,26,1,0.07,0,0.07,0.07,0.07,0.06,0.04,0.1,0.06,0.1,1.8e+07
270,"Hugo Lloris","fr FRA","GK","Tottenham",33,1986,38,38,3420,38,0,0,0,0,0,0,0,0,0,0,0,0,0,0,0,0,0,0,0,0,0,0,0,0,0,7e+06
271,"Giovani Lo Celso","ar ARG","MF","Tottenham",24,1996,18,11,945,10.5,1,1,2,1,0,0,5,0,1.4,1.4,1,2.4,21,71,34,0.1,0.1,0.19,0.1,0.19,0.14,0.09,0.23,0.14,0.23,2.2e+07
272,"Ruben Loftus-Cheek","eng ENG","FW","Chelsea",24,1996,1,1,60,0.7,0,0,0,0,0,0,0,0,0,0,0,0,1,0,2,0,0,0,0,0,0,0,0,0,0,2e+07
273,"Ruben Loftus-Cheek","eng ENG","MF,FW","Fulham",24,1996,30,21,1909,21.2,1,0,1,1,0,0,3,0,3.4,3.4,1.2,4.6,57,82,97,0.05,0,0.05,0.05,0.05,0.16,0.06,0.22,0.16,0.22,2e+07
274,"Kevin Long","ie IRL","DF","Burnley",29,1990,8,7,637,7.1,0,0,0,0,0,0,2,0,0.4,0.4,0,0.4,0,15,1,0,0,0,0,0,0.06,0,0.06,0.06,0.06,1e+06
275,"Shane Long","ie IRL","FW","Southampton",33,1987,11,1,210,2.3,0,0,0,0,0,0,0,0,0.1,0.1,0,0.1,1,3,10,0,0,0,0,0,0.03,0,0.03,0.03,0.03,8e+05
276,"Matthew Longstaff","eng ENG","MF","Newcastle Utd",20,2000,5,4,377,4.2,0,0,0,0,0,0,0,0,0,0,0.2,0.2,1,6,2,0,0,0,0,0,0,0.04,0.04,0,0.04,NA
277,"Sean Longstaff","eng ENG","MF","Newcastle Utd",22,1997,22,15,1412,15.7,0,1,1,0,0,0,2,0,1.4,1.4,1,2.3,5,45,18,0,0.06,0.06,0,0.06,0.09,0.06,0.15,0.09,0.15,1.3e+07
278,"Ademola Lookman","ng NGA","FW,MF","Fulham",22,1997,34,31,2747,30.5,4,4,8,4,0,1,5,0,6.3,5.5,5.2,10.7,110,110,236,0.13,0.13,0.26,0.13,0.26,0.21,0.17,0.37,0.18,0.35,1e+07
279,"Max Lowe","eng ENG","DF","Sheffield Utd",23,1997,8,7,550,6.1,0,0,0,0,0,0,1,0,0.1,0.1,0.1,0.2,10,14,32,0,0,0,0,0,0.01,0.02,0.03,0.01,0.03,NA
280,"Matthew Lowton","eng ENG","DF","Burnley",31,1989,34,34,3060,34,1,1,2,1,0,0,5,0,0.8,0.8,3.1,3.9,49,127,59,0.03,0.03,0.06,0.03,0.06,0.02,0.09,0.12,0.02,0.12,1200000
281,"David Luiz","br BRA","DF","Arsenal",33,1987,20,17,1396,15.5,1,0,1,1,0,0,1,1,0.9,0.9,0.5,1.4,22,68,3,0.06,0,0.06,0.06,0.06,0.06,0.03,0.09,0.06,0.09,NA
282,"Douglas Luiz","br BRA","MF","Aston Villa",22,1998,33,32,2781,30.9,0,2,2,0,0,0,10,1,1.2,1.2,1.6,2.8,47,131,32,0,0.06,0.06,0,0.06,0.04,0.05,0.09,0.04,0.09,3.8e+07
283,"John Lundstram","eng ENG","MF","Sheffield Utd",26,1994,28,23,2032,22.6,0,2,2,0,0,1,8,1,1.9,1.1,1.3,2.4,35,78,73,0,0.09,0.09,0,0.09,0.08,0.06,0.14,0.05,0.11,NA
284,"Alexis Mac Allister","ar ARG","MF,FW","Brighton",21,1998,21,13,1115,12.4,1,1,2,1,0,0,1,0,1.3,1.3,1.5,2.7,15,48,55,0.08,0.08,0.16,0.08,0.16,0.1,0.12,0.22,0.1,0.22,1.6e+07
285,"James Maddison","eng ENG","MF","Leicester City",23,1996,31,24,2099,23.3,8,5,13,8,0,0,4,0,3.8,3.8,5.1,8.9,43,134,116,0.34,0.21,0.56,0.34,0.56,0.16,0.22,0.38,0.16,0.38,5e+07
286,"Gabriel Magalhães","br BRA","DF","Arsenal",22,1997,23,22,1996,22.2,2,0,2,2,0,0,4,1,1.3,1.3,0.1,1.4,18,80,8,0.09,0,0.09,0.09,0.09,0.06,0,0.06,0.06,0.06,3.8e+07
287,"Harry Maguire","eng ENG","DF","Manchester Utd",27,1993,34,34,3047,33.9,2,1,3,2,0,0,11,0,2.3,2.2,0.3,2.5,42,194,14,0.06,0.03,0.09,0.06,0.09,0.07,0.01,0.08,0.07,0.08,3.8e+07
288,"Riyad Mahrez","dz ALG","FW","Manchester City",29,1991,27,23,1949,21.7,9,6,15,9,0,0,0,0,4.7,4.7,5,9.7,88,88,247,0.42,0.28,0.69,0.42,0.69,0.22,0.23,0.45,0.22,0.45,3.5e+07
289,"Ainsley Maitland-Niles","eng ENG","MF,DF","Arsenal",22,1997,11,5,490,5.4,0,0,0,0,0,0,0,0,0.1,0.1,0.1,0.2,12,24,21,0,0,0,0,0,0.01,0.02,0.04,0.01,0.04,1e+07
290,"Ainsley Maitland-Niles","eng ENG","MF","West Brom",22,1997,15,14,1230,13.7,0,0,0,0,0,0,2,0,0.6,0.6,0.7,1.2,25,47,52,0,0,0,0,0,0.04,0.05,0.09,0.04,0.09,1e+07
291,"Josh Maja","ng NGA","FW","Fulham",21,1998,15,9,810,9,3,0,3,2,1,1,0,0,4.5,3.7,0.5,4.2,5,15,33,0.33,0,0.33,0.22,0.22,0.5,0.05,0.55,0.41,0.47,NA
292,"Sadio Mané","sn SEN","FW","Liverpool",28,1992,35,31,2810,31.2,11,7,18,11,0,0,3,0,14.1,14.1,7,21,142,112,366,0.35,0.22,0.58,0.35,0.58,0.45,0.22,0.67,0.45,0.67,7e+07
293,"Javier Manquillo","es ESP","DF","Newcastle Utd",26,1994,13,10,825,9.2,0,0,0,0,0,0,1,0,0,0,0.3,0.3,13,20,29,0,0,0,0,0,0,0.03,0.03,0,0.03,3e+06
294,"Fernando Marçal","br BRA","DF,MF","Wolves",31,1989,13,7,623,6.9,0,0,0,0,0,0,2,0,0.1,0.1,0.1,0.2,8,23,14,0,0,0,0,0,0.01,0.02,0.03,0.01,0.03,NA
295,"Solly March","eng ENG","DF,MF","Brighton",26,1994,21,19,1672,18.6,2,1,3,2,0,0,0,0,1.7,1.7,1.5,3.2,74,79,146,0.11,0.05,0.16,0.11,0.16,0.09,0.08,0.17,0.09,0.17,9e+06
296,"Pablo Marí","es ESP","DF","Arsenal",26,1993,10,10,900,10,0,0,0,0,0,0,2,0,0.1,0.1,0.3,0.3,4,21,0,0,0,0,0,0,0.01,0.03,0.03,0.01,0.03,5e+06
297,"Anthony Martial","fr FRA","FW","Manchester Utd",24,1995,22,17,1480,16.4,4,3,7,4,0,0,0,1,6.5,6.5,2,8.5,48,46,155,0.24,0.18,0.43,0.24,0.43,0.4,0.12,0.52,0.4,0.52,1.6e+07
298,"Gabriel Martinelli","br BRA","FW","Arsenal",19,2001,14,7,589,6.5,2,1,3,2,0,0,0,0,3.3,3.3,1.8,5.1,23,8,62,0.31,0.15,0.46,0.31,0.46,0.5,0.27,0.78,0.5,0.78,4e+07
299,"Emiliano Martínez","ar ARG","GK","Aston Villa",27,1992,38,38,3420,38,0,0,0,0,0,0,1,0,0,0,0.1,0.1,0,0,0,0,0,0,0,0,0,0,0,0,0,2.8e+07
300,"Arthur Masuaku","cd COD","DF,MF","West Ham",26,1993,12,12,1006,11.2,0,2,2,0,0,0,2,0,0.5,0.5,2.2,2.7,45,43,54,0,0.18,0.18,0,0.18,0.04,0.2,0.24,0.04,0.24,5e+06
301,"Juan Mata","es ESP","FW,MF","Manchester Utd",32,1988,9,6,509,5.7,1,2,3,0,1,1,0,0,1,0.2,0.8,1.1,13,23,32,0.18,0.35,0.53,0,0.35,0.18,0.15,0.33,0.04,0.19,2500000
302,"Jean-Philippe Mateta","fr FRA","FW","Crystal Palace",23,1997,7,2,221,2.5,1,0,1,1,0,0,0,0,0.3,0.3,0,0.3,2,3,11,0.41,0,0.41,0.41,0.41,0.13,0.01,0.14,0.13,0.14,1e+07
303,"Nemanja Matić","rs SRB","MF","Manchester Utd",31,1988,20,12,1106,12.3,0,0,0,0,0,0,2,0,0.3,0.3,0.7,1,40,86,12,0,0,0,0,0,0.02,0.06,0.08,0.02,0.08,NA
304,"Joël Matip","cm CMR","DF","Liverpool",28,1991,10,9,691,7.7,1,2,3,1,0,0,2,0,0.8,0.8,0.9,1.7,6,28,1,0.13,0.26,0.39,0.13,0.39,0.1,0.11,0.22,0.1,0.22,NA
305,"Neal Maupay","fr FRA","FW,MF","Brighton",23,1996,33,29,2512,27.9,8,2,10,5,3,4,1,1,13.2,10.1,3.9,13.9,44,61,181,0.29,0.07,0.36,0.18,0.25,0.47,0.14,0.61,0.36,0.5,1.8e+07
306,"James McArthur","sct SCO","MF","Crystal Palace",32,1987,18,17,1466,16.3,0,2,2,0,0,0,3,0,0.3,0.3,1.2,1.5,15,80,29,0,0.12,0.12,0,0.12,0.02,0.07,0.09,0.02,0.09,1200000
307,"Oliver McBurnie","sct SCO","FW","Sheffield Utd",24,1996,23,12,1324,14.7,1,0,1,1,0,0,2,0,3.9,3.9,1.1,5,14,44,58,0.07,0,0.07,0.07,0.07,0.26,0.07,0.34,0.26,0.34,NA
308,"Alex McCarthy","eng ENG","GK","Southampton",30,1989,30,30,2700,30,0,0,0,0,0,0,2,0,0,0,0,0,0,0,1,0,0,0,0,0,0,0,0,0,0,3e+06
309,"James McCarthy","ie IRL","MF","Crystal Palace",29,1990,16,10,821,9.1,0,0,0,0,0,0,1,0,0,0,0.3,0.3,1,28,4,0,0,0,0,0,0,0.03,0.04,0,0.04,NA
310,"John McGinn","sct SCO","MF","Aston Villa",25,1994,37,37,3330,37,3,5,8,3,0,0,12,0,2.5,2.5,3.6,6.1,33,221,79,0.08,0.14,0.22,0.08,0.22,0.07,0.1,0.17,0.07,0.17,3.2e+07
311,"David McGoldrick","ie IRL","FW,MF","Sheffield Utd",32,1987,35,28,2397,26.6,8,1,9,8,0,0,7,0,6.9,6.9,1.1,8,42,94,162,0.3,0.04,0.34,0.3,0.34,0.26,0.04,0.3,0.26,0.3,NA
312,"Dwight McNeil","eng ENG","MF","Burnley",20,1999,36,34,3069,34.1,2,5,7,2,0,0,1,0,1.1,1.1,6.2,7.2,102,101,102,0.06,0.15,0.21,0.06,0.21,0.03,0.18,0.21,0.03,0.21,1.8e+07
313,"Scott McTominay","sct SCO","MF","Manchester Utd",23,1996,32,24,2129,23.7,4,1,5,4,0,0,3,0,2.1,2.1,1.7,3.8,57,118,26,0.17,0.04,0.21,0.17,0.21,0.09,0.07,0.16,0.09,0.16,3.2e+07
314,"Ben Mee","eng ENG","DF","Burnley",30,1989,30,30,2693,29.9,2,0,2,2,0,0,3,0,2.3,2.3,0.3,2.6,0,54,3,0.07,0,0.07,0.07,0.07,0.08,0.01,0.09,0.08,0.09,2500000
315,"Hannibal Mejbri","tn TUN","MF","Manchester Utd",17,2003,1,0,9,0.1,0,0,0,0,0,0,0,0,0,0,0,0,0,1,0,0,0,0,0,0,0,0,0,0,0,NA
316,"Benjamin Mendy","fr FRA","DF","Manchester City",26,1994,13,11,953,10.6,2,1,3,2,0,0,2,0,0.3,0.3,0.2,0.6,13,29,74,0.19,0.09,0.28,0.19,0.28,0.03,0.02,0.06,0.03,0.06,NA
317,"Edouard Mendy","sn SEN","GK","Chelsea",28,1992,31,31,2745,30.5,0,0,0,0,0,0,2,0,0,0,0,0,0,0,0,0,0,0,0,0,0,0,0,0,0,3.2e+07
318,"Nampalys Mendy","sn SEN","MF","Leicester City",28,1992,23,15,1459,16.2,0,1,1,0,0,0,5,0,0.1,0.1,0.2,0.2,16,66,3,0,0.06,0.06,0,0.06,0,0.01,0.01,0,0.01,4e+06
319,"Illan Meslier","fr FRA","GK","Leeds United",20,2000,35,35,3150,35,0,0,0,0,0,0,0,0,0,0,0,0,0,0,0,0,0,0,0,0,0,0,0,0,0,2e+07
320,"Luka Milivojević","rs SRB","MF","Crystal Palace",29,1991,31,27,2359,26.2,1,1,2,0,1,2,8,1,2.4,0.8,1.7,2.5,12,120,11,0.04,0.04,0.08,0,0.04,0.09,0.07,0.16,0.03,0.1,NA
321,"James Milner","eng ENG","MF,DF","Liverpool",34,1986,26,11,1070,11.9,0,1,1,0,0,0,3,0,0.4,0.4,0.8,1.2,21,100,51,0,0.08,0.08,0,0.08,0.03,0.07,0.1,0.03,0.1,2e+06
322,"Yerry Mina","co COL","DF","Everton",25,1994,24,23,1937,21.5,2,0,2,2,0,0,2,0,1.6,1.6,0,1.6,9,48,2,0.09,0,0.09,0.09,0.09,0.07,0,0.08,0.07,0.08,2e+07
323,"Takumi Minamino","jp JPN","MF","Southampton",25,1995,10,9,711,7.9,2,0,2,2,0,0,1,0,1.5,1.5,0.5,2,19,15,42,0.25,0,0.25,0.25,0.25,0.18,0.06,0.25,0.18,0.25,1.2e+07
324,"Takumi Minamino","jp JPN","MF,FW","Liverpool",25,1995,9,2,293,3.3,1,0,1,1,0,0,0,0,1.1,1.1,0,1.1,3,8,16,0.31,0,0.31,0.31,0.31,0.34,0,0.34,0.34,0.34,1.2e+07
325,"Tyrone Mings","eng ENG","DF","Aston Villa",27,1993,36,36,3194,35.5,2,2,4,2,0,0,6,1,1.9,1.9,0.4,2.4,12,104,5,0.06,0.06,0.11,0.06,0.11,0.05,0.01,0.07,0.05,0.07,3e+07
326,"Tyrick Mitchell","eng ENG","DF","Crystal Palace",20,1999,19,19,1710,19,1,1,2,1,0,0,1,0,0.8,0.8,0.2,1.1,15,77,30,0.05,0.05,0.11,0.05,0.11,0.04,0.01,0.06,0.04,0.06,2.5e+07
327,"Aleksandar Mitrović","rs SRB","FW","Fulham",25,1994,27,13,1402,15.6,3,3,6,2,1,2,3,0,6.2,4.6,2.7,7.3,10,27,88,0.19,0.19,0.39,0.13,0.32,0.4,0.18,0.57,0.29,0.47,NA
328,"Jakub Moder","pl POL","DF,MF","Brighton",21,1999,12,7,647,7.2,0,0,0,0,0,0,0,0,0.8,0.8,0.2,0.9,21,30,50,0,0,0,0,0,0.11,0.02,0.13,0.11,0.13,1.2e+07
329,"Jayson Molumby","ie IRL","MF","Brighton",20,1999,1,0,1,0,0,0,0,0,0,0,0,0,0,0,0,0,0,0,0,0,0,0,0,0,0,0,0,0,0,NA
330,"Wesley Moraes","br BRA","FW","Aston Villa",23,1996,3,0,18,0.2,0,0,0,0,0,0,0,0,0,0,0,0,0,0,1,0,0,0,0,0,0.23,0,0.23,0.23,0.23,6e+06
331,"Wes Morgan","jm JAM","DF","Leicester City",36,1984,3,0,18,0.2,0,0,0,0,0,0,0,0,0,0,0,0,0,2,0,0,0,0,0,0,0,0,0,0,0,NA
332,"Mason Mount","eng ENG","MF","Chelsea",21,1999,36,32,2890,32.1,6,5,11,5,1,1,2,0,6.3,5.5,8.2,13.7,131,233,225,0.19,0.16,0.34,0.16,0.31,0.2,0.26,0.45,0.17,0.43,7.5e+07
333,"Lucas Moura","br BRA","FW,MF","Tottenham",27,1992,30,14,1411,15.7,3,4,7,3,0,0,1,0,1.9,1.9,2,3.9,43,46,78,0.19,0.26,0.45,0.19,0.45,0.12,0.13,0.25,0.12,0.25,2e+07
334,"Lys Mousset","fr FRA","FW,MF","Sheffield Utd",24,1996,11,2,296,3.3,0,0,0,0,0,0,0,0,1,1,0.3,1.3,3,3,16,0,0,0,0,0,0.29,0.1,0.39,0.29,0.39,NA
335,"João Moutinho","pt POR","MF","Wolves",33,1986,33,28,2528,28.1,1,1,2,1,0,0,5,1,0.6,0.6,2.4,3.1,32,169,37,0.04,0.04,0.07,0.04,0.07,0.02,0.09,0.11,0.02,0.11,2500000
336,"Joel Mumbongo","se SWE","FW","Burnley",21,1999,4,0,40,0.4,0,0,0,0,0,0,1,0,0,0,0,0,0,0,1,0,0,0,0,0,0,0,0,0,0,NA
337,"Jacob Murphy","eng ENG","DF,MF","Newcastle Utd",25,1995,26,17,1626,18.1,2,3,5,2,0,0,3,0,1.7,1.7,3.8,5.4,48,47,46,0.11,0.17,0.28,0.11,0.28,0.09,0.21,0.3,0.09,0.3,5e+06
338,"Shkodran Mustafi","de GER","DF","Arsenal",28,1992,3,0,47,0.5,0,0,0,0,0,0,0,0,0,0,0,0,0,7,1,0,0,0,0,0,0,0,0,0,0,NA
339,"Marvelous Nakamba","zw ZIM","MF","Aston Villa",26,1994,13,9,749,8.3,0,0,0,0,0,0,3,0,0,0,0.1,0.1,1,9,2,0,0,0,0,0,0.01,0.01,0.01,0.01,0.01,7e+06
340,"Iliman Ndiaye","sn SEN","MF","Sheffield Utd",20,2000,1,0,12,0.1,0,0,0,0,0,0,0,0,0,0,0,0,0,0,0,0,0,0,0,0,0,0,0,0,0,NA
341,"Wilfred Ndidi","ng NGA","MF,DF","Leicester City",23,1996,26,25,2176,24.2,1,4,5,1,0,0,6,0,0.7,0.7,1.3,2,7,73,17,0.04,0.17,0.21,0.04,0.21,0.03,0.05,0.08,0.03,0.08,6e+07
342,"Tanguy Ndombele","fr FRA","MF","Tottenham",23,1996,33,28,2091,23.2,3,2,5,3,0,0,3,0,1.6,1.6,1.8,3.4,60,114,58,0.13,0.09,0.22,0.13,0.22,0.07,0.08,0.15,0.07,0.15,NA
343,"Reiss Nelson","eng ENG","FW,MF","Arsenal",20,1999,2,0,71,0.8,0,0,0,0,0,0,0,0,0.1,0.1,0,0.1,4,4,6,0,0,0,0,0,0.08,0,0.08,0.08,0.08,6500000
344,"Pedro Neto","pt POR","FW,MF","Wolves",20,2000,31,30,2550,28.3,5,6,11,5,0,0,4,0,5.1,5.1,5.4,10.6,154,54,255,0.18,0.21,0.39,0.18,0.39,0.18,0.19,0.37,0.18,0.37,3.2e+07
345,"Rúben Neves","pt POR","MF","Wolves",23,1997,36,31,2675,29.7,5,1,6,2,3,3,8,0,5.1,2.7,1.9,4.6,22,212,25,0.17,0.03,0.2,0.07,0.1,0.17,0.06,0.23,0.09,0.15,4e+07
346,"Eddie Nketiah","eng ENG","FW","Arsenal",21,1999,17,4,423,4.7,2,1,3,2,0,0,0,0,1.8,1.8,0.6,2.4,6,6,29,0.43,0.21,0.64,0.43,0.64,0.38,0.14,0.51,0.38,0.51,1.6e+07
347,"Niels Nkounkou","fr FRA","DF,FW","Everton",19,2000,2,1,81,0.9,0,0,0,0,0,0,1,0,0,0,0,0,4,2,8,0,0,0,0,0,0.03,0,0.03,0.03,0.03,2200000
348,"Dan Nlundulu","eng ENG","FW,MF","Southampton",21,1999,13,0,111,1.2,0,0,0,0,0,0,0,0,0.1,0.1,0,0.1,1,4,13,0,0,0,0,0,0.04,0.03,0.07,0.04,0.07,1200000
349,"Mark Noble","eng ENG","MF","West Ham",33,1987,21,8,712,7.9,0,0,0,0,0,0,1,0,0,0,0.3,0.3,11,25,13,0,0,0,0,0,0.01,0.03,0.04,0.01,0.04,1e+06
350,"Will Norris","eng ENG","GK","Burnley",26,1993,2,2,180,2,0,0,0,0,0,0,0,0,0,0,0,0,0,0,0,0,0,0,0,0,0,0.02,0.02,0,0.02,3e+05
351,"Oliver Norwood","nir NIR","MF","Sheffield Utd",29,1991,32,26,2220,24.7,0,0,0,0,0,0,6,0,0.5,0.5,2,2.4,7,125,19,0,0,0,0,0,0.02,0.08,0.1,0.02,0.1,NA
352,"Jack O'Connell","eng ENG","DF","Sheffield Utd",26,1994,2,2,180,2,0,0,0,0,0,0,0,0,0,0,0,0,0,5,2,0,0,0,0,0,0,0,0,0,0,NA
353,"Dara O'Shea","ie IRL","DF","West Brom",21,1999,28,25,2102,23.4,0,0,0,0,0,0,3,0,0.1,0.1,0.2,0.3,7,62,12,0,0,0,0,0,0,0.01,0.01,0,0.01,NA
354,"Michael Obafemi","ie IRL","FW","Southampton",20,2000,4,0,61,0.7,0,0,0,0,0,0,0,0,0,0,0.1,0.1,1,1,5,0,0,0,0,0,0,0.1,0.1,0,0.1,2500000
355,"Denis Odoi","gh GHA","DF","Fulham",32,1988,3,3,270,3,0,0,0,0,0,0,1,0,0.1,0.1,0.1,0.1,5,10,5,0,0,0,0,0,0.02,0.02,0.04,0.02,0.04,NA
356,"Angelo Ogbonna","it ITA","DF","West Ham",32,1988,28,28,2492,27.7,3,0,3,3,0,0,5,0,1.7,1.7,0.8,2.5,7,36,3,0.11,0,0.11,0.11,0.11,0.06,0.03,0.09,0.06,0.09,1200000
357,"Robin Olsen","se SWE","GK","Everton",30,1990,7,7,630,7,0,0,0,0,0,0,1,0,0,0,0,0,0,0,0,0,0,0,0,0,0,0,0,0,0,2e+06
358,"Josh Onomah","eng ENG","MF","Fulham",23,1997,11,4,374,4.2,0,0,0,0,0,0,1,0,0.4,0.4,0,0.4,8,19,14,0,0,0,0,0,0.09,0.01,0.1,0.09,0.1,NA
359,"Divock Origi","be BEL","FW","Liverpool",25,1995,9,2,186,2.1,0,0,0,0,0,0,0,0,1.1,1.1,0.2,1.3,5,5,18,0,0,0,0,0,0.54,0.07,0.62,0.54,0.62,1.2e+07
360,"Ben Osborn","eng ENG","MF,DF","Sheffield Utd",25,1994,24,17,1604,17.8,1,0,1,1,0,0,1,0,1.1,1.1,2,3.2,27,77,100,0.06,0,0.06,0.06,0.06,0.06,0.12,0.18,0.06,0.18,NA
361,"Owen Otasowie","us USA","MF,FW","Wolves",19,2001,6,2,187,2.1,0,1,1,0,0,0,1,0,0.5,0.5,0.1,0.6,3,3,7,0,0.48,0.48,0,0.48,0.24,0.06,0.3,0.24,0.3,NA
362,"Alex Oxlade-Chamberlain","eng ENG","MF,FW","Liverpool",26,1993,13,2,253,2.8,1,1,2,1,0,0,0,0,0.3,0.3,0.3,0.6,5,20,21,0.36,0.36,0.71,0.36,0.71,0.11,0.1,0.21,0.11,0.21,1.6e+07
363,"Emerson Palmieri","it ITA","DF","Chelsea",25,1994,2,0,90,1,0,0,0,0,0,0,0,0,0,0,0,0,3,0,5,0,0,0,0,0,0,0,0,0,0,NA
364,"Thomas Partey","gh GHA","MF","Arsenal",27,1993,24,18,1534,17,0,2,2,0,0,0,5,0,1.3,1.3,1,2.4,33,121,18,0,0.12,0.12,0,0.12,0.08,0.06,0.14,0.08,0.14,3.8e+07
365,"Rui Patrício","pt POR","GK","Wolves",32,1988,37,37,3329,37,0,0,0,0,0,0,1,0,0,0,0,0,0,0,0,0,0,0,0,0,0,0,0,0,0,NA
366,"Bailey Peacock-Farrell","nir NIR","GK","Burnley",23,1996,4,4,360,4,0,0,0,0,0,0,0,0,0,0,0,0,0,0,0,0,0,0,0,0,0,0,0,0,0,9e+05
367,"Lee Peltier","eng ENG","DF","West Brom",33,1986,4,3,229,2.5,0,0,0,0,0,0,1,0,0,0,0,0,0,6,4,0,0,0,0,0,0,0.01,0.01,0,0.01,NA
368,"Nicolas Pépé","ci CIV","FW","Arsenal",25,1995,29,16,1616,18,10,1,11,9,1,1,1,1,5.8,5,1,6,56,45,199,0.56,0.06,0.61,0.5,0.56,0.32,0.05,0.38,0.28,0.33,2.5e+07
369,"Matheus Pereira","br BRA","MF,FW","West Brom",24,1996,33,30,2577,28.6,11,6,17,7,4,4,2,1,7.3,4.2,6.3,10.5,79,115,133,0.38,0.21,0.59,0.24,0.45,0.26,0.22,0.48,0.15,0.37,NA
370,"Ricardo Pereira","pt POR","DF,FW","Leicester City",26,1993,15,10,959,10.7,0,1,1,0,0,0,3,0,0.3,0.3,0.6,1,20,45,53,0,0.09,0.09,0,0.09,0.03,0.06,0.09,0.03,0.09,2e+07
371,"Ayoze Pérez","es ESP","MF,FW","Leicester City",27,1993,25,15,1331,14.8,2,1,3,2,0,0,2,0,3.3,3.3,1.3,4.6,39,54,114,0.14,0.07,0.2,0.14,0.2,0.23,0.09,0.31,0.23,0.31,1e+07
372,"Kalvin Phillips","eng ENG","MF","Leeds United",24,1995,29,28,2428,27,1,2,3,1,0,0,10,0,0.5,0.5,3.4,3.9,13,137,14,0.04,0.07,0.11,0.04,0.11,0.02,0.13,0.15,0.02,0.15,5e+07
373,"Matt Phillips","sct SCO","MF","West Brom",29,1991,33,20,1828,20.3,2,1,3,2,0,0,1,0,2.8,2.8,3.4,6.3,47,51,99,0.1,0.05,0.15,0.1,0.15,0.14,0.17,0.31,0.14,0.31,NA
374,"Nathaniel Phillips","eng ENG","DF","Liverpool",23,1997,17,15,1456,16.2,1,1,2,1,0,0,2,0,1,1,0.6,1.6,9,55,3,0.06,0.06,0.12,0.06,0.12,0.06,0.04,0.1,0.06,0.1,NA
375,"Jaden Philogene Bidace","eng ENG","FW","Aston Villa",18,2002,1,0,1,0,0,0,0,0,0,0,0,0,0,0,0,0,0,0,0,0,0,0,0,0,0,0,0,0,0,NA
376,"Jordan Pickford","eng ENG","GK","Everton",26,1994,31,31,2742,30.5,0,0,0,0,0,0,1,0,0,0,0,0,0,0,0,0,0,0,0,0,0,0,0,0,0,2e+07
377,"Erik Pieters","nl NED","DF,MF","Burnley",31,1988,20,13,1266,14.1,0,1,1,0,0,0,1,0,0.2,0.2,0.4,0.6,14,37,16,0,0.07,0.07,0,0.07,0.01,0.03,0.04,0.01,0.04,9e+05
378,"Daniel Podence","pt POR","MF,FW","Wolves",24,1995,24,22,1661,18.5,3,2,5,3,0,0,3,0,2.5,2.5,1.7,4.2,47,72,117,0.16,0.11,0.27,0.16,0.27,0.13,0.09,0.23,0.13,0.23,2e+07
379,"Paul Pogba","fr FRA","MF,FW","Manchester Utd",27,1993,26,21,1897,21.1,3,3,6,3,0,0,3,0,2.8,2.8,2.4,5.2,46,139,101,0.14,0.14,0.28,0.14,0.28,0.13,0.11,0.25,0.13,0.25,4.8e+07
380,"Nick Pope","eng ENG","GK","Burnley",28,1992,32,32,2880,32,0,0,0,0,0,0,1,0,0,0,0.1,0.1,0,1,0,0,0,0,0,0,0,0,0,0,0,1.5e+07
381,"Ian Poveda","eng ENG","MF","Leeds United",20,2000,14,0,355,3.9,0,0,0,0,0,0,0,0,0.3,0.3,1.1,1.4,21,17,47,0,0,0,0,0,0.08,0.28,0.36,0.08,0.36,2e+06
382,"Dennis Praet","be BEL","MF","Leicester City",26,1994,15,10,718,8,1,1,2,1,0,0,0,0,0.4,0.4,1.1,1.5,22,25,55,0.13,0.13,0.25,0.13,0.25,0.05,0.14,0.19,0.05,0.19,1.3e+07
383,"Davy Pröpper","nl NED","MF","Brighton",28,1991,7,2,213,2.4,0,0,0,0,0,0,0,0,0.2,0.2,0,0.2,4,14,8,0,0,0,0,0,0.08,0,0.08,0.08,0.08,NA
384,"Christian Pulisic","us USA","FW,MF","Chelsea",21,1998,27,18,1738,19.3,4,2,6,4,0,0,2,0,6.1,6.1,2.8,8.9,86,82,160,0.21,0.1,0.31,0.21,0.31,0.32,0.15,0.46,0.32,0.46,4.2e+07
385,"Aaron Ramsdale","eng ENG","GK","Sheffield Utd",22,1998,38,38,3420,38,0,0,0,0,0,0,1,0,0,0,0.1,0.1,0,0,0,0,0,0,0,0,0,0,0,0,0,2.8e+07
386,"Jacob Ramsey","eng ENG","MF","Aston Villa",19,2001,22,6,626,7,0,0,0,0,0,0,0,0,0.5,0.5,0.3,0.8,8,23,21,0,0,0,0,0,0.07,0.04,0.11,0.07,0.11,2.5e+07
387,"Kayne Ramsey","eng ENG","DF","Southampton",19,2000,1,1,90,1,0,0,0,0,0,0,1,0,0,0,0,0,0,0,0,0,0,0,0,0,0,0,0,0,0,NA
388,"Darren Randolph","ie IRL","GK","West Ham",33,1987,3,3,270,3,0,0,0,0,0,0,0,0,0,0,0,0,0,0,0,0,0,0,0,0,0,0,0,0,0,8e+05
389,"Raphinha","br BRA","MF,FW","Leeds United",23,1996,30,26,2360,26.2,6,9,15,6,0,0,3,0,5.7,5.7,7.9,13.6,102,97,222,0.23,0.34,0.57,0.23,0.57,0.22,0.3,0.52,0.22,0.52,4.5e+07
390,"Marcus Rashford","eng ENG","FW","Manchester Utd",22,1997,37,33,2920,32.4,11,9,20,11,0,0,4,0,8.9,8.9,3.8,12.8,134,117,330,0.34,0.28,0.62,0.34,0.62,0.28,0.12,0.39,0.28,0.39,6e+07
391,"Tim Ream","us USA","DF","Fulham",32,1987,7,7,630,7,0,0,0,0,0,0,0,0,0,0,0,0,7,31,0,0,0,0,0,0,0,0,0,0,0,NA
392,"Nathan Redmond","eng ENG","MF,FW","Southampton",26,1994,29,17,1738,19.3,2,3,5,2,0,0,1,0,3.1,3.1,3.2,6.2,70,75,149,0.1,0.16,0.26,0.1,0.26,0.16,0.16,0.32,0.16,0.32,1.8e+07
393,"Harrison Reed","eng ENG","MF","Fulham",25,1995,31,26,2247,25,0,2,2,0,0,0,5,0,0.4,0.4,1.7,2.1,24,127,16,0,0.08,0.08,0,0.08,0.02,0.07,0.08,0.02,0.08,NA
394,"Sergio Reguilón","es ESP","DF","Tottenham",23,1996,27,26,2244,24.9,0,3,3,0,0,0,5,0,1,1,2,3.1,52,73,152,0,0.12,0.12,0,0.12,0.04,0.08,0.12,0.04,0.12,2.5e+07
395,"Bobby Reid","jm JAM","MF,FW","Fulham",27,1993,33,28,2372,26.4,5,2,7,5,0,0,7,0,3.8,3.8,1.1,4.9,44,67,138,0.19,0.08,0.27,0.19,0.27,0.14,0.04,0.19,0.14,0.19,NA
396,"Declan Rice","eng ENG","MF","West Ham",21,1999,32,32,2879,32,2,1,3,1,1,2,2,0,3.2,1.6,1.8,3.4,74,169,37,0.06,0.03,0.09,0.03,0.06,0.1,0.06,0.16,0.05,0.11,8e+07
397,"Lewis Richardson","eng ENG","FW,MF","Burnley",17,2003,2,0,4,0,0,0,0,0,0,0,0,0,0,0,0,0,1,0,1,0,0,0,0,0,0,0,0,0,0,NA
398,"Richarlison","br BRA","FW","Everton",23,1997,34,33,2861,31.8,7,3,10,6,1,1,4,1,9.7,8.8,3.3,12.1,113,58,195,0.22,0.09,0.31,0.19,0.28,0.31,0.1,0.41,0.28,0.38,4.8e+07
399,"Jaïro Riedewald","nl NED","MF","Crystal Palace",23,1996,33,19,1820,20.2,2,0,2,2,0,0,4,0,0.6,0.6,0.8,1.3,15,73,23,0.1,0,0.1,0.1,0.1,0.03,0.04,0.07,0.03,0.07,NA
400,"Matt Ritchie","sct SCO","DF,MF","Newcastle Utd",30,1989,18,15,1350,15,0,2,2,0,0,0,2,0,0.4,0.4,2.2,2.6,23,38,42,0,0.13,0.13,0,0.13,0.03,0.14,0.17,0.03,0.17,1800000
401,"Tyler Roberts","wls WAL","MF,FW","Leeds United",21,1999,27,14,1340,14.9,1,2,3,1,0,0,3,0,1.8,1.8,2.3,4.1,33,53,89,0.07,0.13,0.2,0.07,0.2,0.12,0.16,0.28,0.12,0.28,8e+06
402,"Andrew Robertson","sct SCO","DF","Liverpool",26,1994,38,38,3383,37.6,1,7,8,1,0,0,2,0,1.5,1.5,6.6,8,119,228,289,0.03,0.19,0.21,0.03,0.21,0.04,0.17,0.21,0.04,0.21,6.5e+07
403,"Antonee Robinson","us USA","DF","Fulham",22,1997,28,24,2162,24,0,0,0,0,0,0,4,1,0.4,0.4,1.9,2.3,98,82,145,0,0,0,0,0,0.02,0.08,0.1,0.02,0.1,NA
404,"Callum Robinson","ie IRL","FW,MF","West Brom",25,1995,28,20,1560,17.3,5,0,5,5,0,0,0,0,3.1,3.1,1,4.1,36,27,119,0.29,0,0.29,0.29,0.29,0.18,0.06,0.24,0.18,0.24,NA
405,"Jack Robinson","eng ENG","DF","Sheffield Utd",26,1993,11,9,877,9.7,0,1,1,0,0,0,3,0,0.7,0.7,0.6,1.3,3,22,6,0,0.1,0.1,0,0.1,0.07,0.06,0.13,0.07,0.13,NA
406,"Hal Robson-Kanu","wls WAL","FW","West Brom",31,1989,19,2,561,6.2,2,0,2,2,0,0,2,0,1.2,1.2,0.2,1.5,8,11,33,0.32,0,0.32,0.32,0.32,0.19,0.04,0.23,0.19,0.23,NA
407,"Marek Rodák","sk SVK","GK","Fulham",23,1996,2,2,180,2,0,0,0,0,0,0,0,0,0,0,0,0,0,0,0,0,0,0,0,0,0,0,0,0,0,NA
408,"Joe Rodon","wls WAL","DF","Tottenham",22,1997,12,8,733,8.1,0,0,0,0,0,0,0,0,0,0,0,0,2,12,0,0,0,0,0,0,0,0,0,0,0,8e+06
409,"Rodri","es ESP","MF","Manchester City",24,1996,34,31,2748,30.5,2,2,4,1,1,1,6,0,2.4,1.6,1.4,3.1,42,227,31,0.07,0.07,0.13,0.03,0.1,0.08,0.05,0.13,0.05,0.1,8e+07
410,"Rodrigo","es ESP","MF,FW","Leeds United",29,1991,26,14,1288,14.3,7,2,9,7,0,0,3,0,5.1,5.1,3.5,8.7,30,80,118,0.49,0.14,0.63,0.49,0.63,0.36,0.25,0.6,0.36,0.6,1.2e+07
411,"James Rodríguez","co COL","FW,MF","Everton",29,1991,23,21,1764,19.6,6,4,10,6,0,0,4,0,2.8,2.8,4.8,7.6,36,133,89,0.31,0.2,0.51,0.31,0.51,0.14,0.25,0.39,0.14,0.39,NA
412,"Jay Rodriguez","eng ENG","FW","Burnley",31,1989,31,12,1265,14.1,1,2,3,1,0,0,3,0,3,3,1.1,4.1,16,23,79,0.07,0.14,0.21,0.07,0.21,0.22,0.08,0.29,0.22,0.29,NA
413,"Oriol Romeu","es ESP","MF","Southampton",28,1991,21,20,1763,19.6,1,1,2,1,0,0,6,0,0.5,0.5,1.4,1.8,25,91,15,0.05,0.05,0.1,0.05,0.1,0.02,0.07,0.09,0.02,0.09,5e+06
414,"John Ruddy","eng ENG","GK","Wolves",33,1986,2,1,91,1,0,0,0,0,0,0,0,0,0,0,0,0,0,0,0,0,0,0,0,0,0,0,0,0,0,3e+05
415,"Antonio Rüdiger","de GER","DF","Chelsea",27,1993,19,19,1710,19,1,0,1,1,0,0,0,0,1.3,1.3,0.4,1.7,24,71,6,0.05,0,0.05,0.05,0.05,0.07,0.02,0.09,0.07,0.09,4e+07
416,"Mathew Ryan","au AUS","GK","Arsenal",28,1992,3,3,270,3,0,0,0,0,0,0,0,0,0,0,0.1,0.1,0,0,1,0,0,0,0,0,0,0.02,0.02,0,0.02,NA
417,"Mathew Ryan","au AUS","GK","Brighton",28,1992,11,11,990,11,0,0,0,0,0,0,1,0,0,0,0,0,0,0,0,0,0,0,0,0,0,0,0,0,0,NA
418,"Allan Saint-Maximin","fr FRA","FW,MF","Newcastle Utd",23,1997,25,19,1560,17.3,3,4,7,3,0,0,0,0,2.6,2.6,3.7,6.3,81,65,86,0.17,0.23,0.4,0.17,0.4,0.15,0.21,0.36,0.15,0.36,3.2e+07
419,"Romain Saïss","ma MAR","DF","Wolves",30,1990,27,27,2407,26.7,3,0,3,3,0,0,2,0,3,3,0.2,3.3,12,100,24,0.11,0,0.11,0.11,0.11,0.11,0.01,0.12,0.11,0.12,8e+06
420,"Bukayo Saka","eng ENG","FW,MF","Arsenal",18,2001,32,30,2553,28.4,5,3,8,5,0,0,1,0,6.9,6.9,4.4,11.3,85,101,269,0.18,0.11,0.28,0.18,0.28,0.24,0.16,0.4,0.24,0.4,6.5e+07
421,"Mamadou Sakho","fr FRA","DF","Crystal Palace",30,1990,4,3,276,3.1,0,0,0,0,0,0,0,0,0.1,0.1,0,0.1,0,4,2,0,0,0,0,0,0.02,0,0.02,0.02,0.02,NA
422,"Mohamed Salah","eg EGY","FW","Liverpool",28,1992,37,34,3078,34.2,22,5,27,16,6,6,0,0,19.3,14.6,6.2,20.8,111,136,396,0.64,0.15,0.79,0.47,0.61,0.56,0.18,0.75,0.43,0.61,9e+07
423,"Mohammed Salisu","gh GHA","DF","Southampton",21,1999,12,8,844,9.4,0,0,0,0,0,0,1,0,0.3,0.3,0.4,0.7,8,13,8,0,0,0,0,0,0.03,0.04,0.07,0.03,0.07,1.8e+07
424,"Davinson Sánchez","co COL","DF","Tottenham",24,1996,18,17,1486,16.5,0,0,0,0,0,0,1,0,0.8,0.8,0,0.8,2,36,0,0,0,0,0,0,0.05,0,0.05,0.05,0.05,2.8e+07
425,"Robert Sánchez","es ESP","GK","Brighton",22,1997,27,27,2430,27,0,0,0,0,0,0,2,0,0,0,0,0,0,1,0,0,0,0,0,0,0,0,0,0,0,1.6e+07
426,"Morgan Sanson","fr FRA","MF","Aston Villa",25,1994,9,3,294,3.3,0,0,0,0,0,0,3,0,0,0,0.1,0.2,9,16,13,0,0,0,0,0,0.01,0.04,0.05,0.01,0.05,1e+07
427,"Romaine Sawyers","kn SKN","MF","West Brom",28,1991,19,17,1487,16.5,0,0,0,0,0,0,2,0,0.1,0.1,0.6,0.7,11,67,9,0,0,0,0,0,0.01,0.03,0.04,0.01,0.04,NA
428,"Dane Scarlett","eng ENG","FW","Tottenham",16,2004,1,0,1,0,0,0,0,0,0,0,0,0,0,0,0,0,0,0,0,0,0,0,0,0,0,0,0,0,0,250000
429,"Fabian Schär","ch SUI","DF","Newcastle Utd",28,1991,18,13,1246,13.8,1,0,1,0,1,1,4,1,1.3,0.5,0,0.5,6,41,0,0.07,0,0.07,0,0,0.09,0,0.09,0.04,0.04,7e+06
430,"Jeffrey Schlupp","gh GHA","MF","Crystal Palace",27,1992,27,15,1428,15.9,2,3,5,2,0,0,3,0,1.9,1.9,2,4,37,44,75,0.13,0.19,0.32,0.13,0.32,0.12,0.13,0.25,0.12,0.25,8e+06
431,"Kasper Schmeichel","dk DEN","GK","Leicester City",33,1986,38,38,3420,38,0,0,0,0,0,0,0,0,0,0,0,0,0,0,0,0,0,0,0,0,0,0,0,0,0,4e+06
432,"Nélson Semedo","pt POR","DF,MF","Wolves",26,1993,34,34,2983,33.1,1,1,2,1,0,0,5,0,1.3,1.3,1.3,2.6,111,138,155,0.03,0.03,0.06,0.03,0.06,0.04,0.04,0.08,0.04,0.08,2.2e+07
433,"Femi Seriki","eng ENG","MF","Sheffield Utd",18,2002,1,0,1,0,0,0,0,0,0,0,0,0,0,0,0,0,0,0,0,0,0,0,0,0,0,0,0,0,0,NA
434,"Jamie Shackleton","eng ENG","MF,DF","Leeds United",20,1999,13,3,461,5.1,0,0,0,0,0,0,0,0,0,0,0.1,0.1,7,11,21,0,0,0,0,0,0,0.03,0.03,0,0.03,2500000
435,"Xherdan Shaqiri","ch SUI","MF,FW","Liverpool",28,1991,14,5,556,6.2,0,2,2,0,0,0,2,0,0.5,0.5,2.5,3,5,54,32,0,0.32,0.32,0,0.32,0.08,0.41,0.48,0.08,0.48,NA
436,"Billy Sharp","eng ENG","FW","Sheffield Utd",34,1986,16,7,735,8.2,3,0,3,1,2,2,1,0,3,1.5,0.5,2,9,11,65,0.37,0,0.37,0.12,0.12,0.37,0.07,0.44,0.18,0.24,NA
437,"Luke Shaw","eng ENG","DF","Manchester Utd",25,1995,32,30,2654,29.5,1,5,6,1,0,0,8,0,0.6,0.6,6.4,7,110,147,209,0.03,0.17,0.2,0.03,0.2,0.02,0.22,0.24,0.02,0.24,3.8e+07
438,"Jonjo Shelvey","eng ENG","MF","Newcastle Utd",28,1992,30,29,2617,29.1,1,3,4,1,0,0,7,0,2.5,2.5,3,5.5,20,132,24,0.03,0.1,0.14,0.03,0.14,0.09,0.1,0.19,0.09,0.19,1e+07
439,"Shola Shoretire","eng ENG","FW","Manchester Utd",16,2004,2,0,11,0.1,0,0,0,0,0,0,0,0,0,0,0,0,0,0,2,0,0,0,0,0,0,0,0,0,0,4e+06
440,"Gylfi Sigurðsson","is ISL","MF,FW","Everton",30,1989,36,24,2253,25,6,5,11,3,3,4,2,0,6.5,3.4,3.8,7.2,24,81,78,0.24,0.2,0.44,0.12,0.32,0.26,0.15,0.41,0.13,0.29,NA
441,"Bernardo Silva","pt POR","MF,FW","Manchester City",25,1994,26,24,2065,22.9,2,6,8,2,0,0,5,0,2.8,2.8,3.8,6.5,123,116,173,0.09,0.26,0.35,0.09,0.35,0.12,0.16,0.29,0.12,0.29,8e+07
442,"Fábio Silva","pt POR","FW","Wolves",18,2002,32,11,1369,15.2,4,3,7,3,1,1,2,0,5.3,4.5,1,5.5,14,17,74,0.26,0.2,0.46,0.2,0.39,0.35,0.07,0.41,0.29,0.36,1.5e+07
443,"Thiago Silva","br BRA","DF","Chelsea",35,1984,23,23,1935,21.5,2,0,2,2,0,0,5,1,1.7,1.7,0.3,2,6,82,1,0.09,0,0.09,0.09,0.09,0.08,0.01,0.09,0.08,0.09,2500000
444,"Moussa Sissoko","fr FRA","MF","Tottenham",30,1989,25,15,1585,17.6,0,0,0,0,0,0,3,0,0.2,0.2,0.1,0.4,32,57,34,0,0,0,0,0,0.01,0.01,0.02,0.01,0.02,4500000
444,"Moussa Sissoko","fr FRA","MF","Tottenham",30,1989,25,15,1585,17.6,0,0,0,0,0,0,3,0,0.2,0.2,0.1,0.4,32,57,34,0,0,0,0,0,0.01,0.01,0.02,0.01,0.02,4500000
445,"Islam Slimani","dz ALG","FW","Leicester City",32,1988,1,0,20,0.2,0,0,0,0,0,0,0,0,0.1,0.1,0.1,0.1,0,1,4,0,0,0,0,0,0.28,0.23,0.5,0.28,0.5,NA
446,"William Smallbone","ie IRL","MF","Southampton",20,2000,3,2,172,1.9,0,0,0,0,0,0,0,0,0.1,0.1,0,0.1,5,7,10,0,0,0,0,0,0.03,0,0.03,0.03,0.03,NA
447,"Emile Smith Rowe","eng ENG","MF,FW","Arsenal",20,2000,20,18,1440,16,2,4,6,2,0,0,0,0,1.8,1.8,3.4,5.1,51,68,113,0.12,0.25,0.37,0.12,0.37,0.11,0.21,0.32,0.11,0.32,4e+07
448,"Robert Snodgrass","sct SCO","MF,FW","West Brom",32,1987,8,6,526,5.8,0,0,0,0,0,0,2,0,0.2,0.2,0.4,0.7,6,14,25,0,0,0,0,0,0.04,0.07,0.12,0.04,0.12,NA
449,"Robert Snodgrass","sct SCO","FW,MF","West Ham",32,1987,3,0,5,0.1,0,0,0,0,0,0,0,0,0,0,0,0,0,1,2,0,0,0,0,0,0,0,0,0,0,NA
450,"Cédric Soares","pt POR","DF","Arsenal",28,1991,10,8,746,8.3,0,1,1,0,0,0,1,0,0.3,0.3,0.9,1.2,21,46,40,0,0.12,0.12,0,0.12,0.03,0.11,0.15,0.03,0.15,6e+06
451,"Tomáš Souček","cz CZE","MF","West Ham",25,1995,38,38,3419,38,10,1,11,10,0,0,7,1,8.4,8.4,2,10.4,27,165,47,0.26,0.03,0.29,0.26,0.29,0.22,0.05,0.27,0.22,0.27,NA
452,"Çağlar Söyüncü","tr TUR","DF","Leicester City",24,1996,23,19,1819,20.2,1,0,1,1,0,0,2,0,0.7,0.7,0.5,1.2,27,90,2,0.05,0,0.05,0.05,0.05,0.03,0.02,0.06,0.03,0.06,4e+07
453,"Zack Steffen","us USA","GK","Manchester City",25,1995,1,1,90,1,0,0,0,0,0,0,0,0,0,0,0,0,0,0,0,0,0,0,0,0,0,0,0,0,0,6e+06
454,"Dale Stephens","eng ENG","MF","Burnley",31,1989,7,3,261,2.9,0,0,0,0,0,0,1,0,0.2,0.2,0,0.2,2,11,1,0,0,0,0,0,0.06,0,0.06,0.06,0.06,1e+06
455,"Jack Stephens","eng ENG","DF","Southampton",26,1994,18,17,1537,17.1,0,0,0,0,0,0,2,0,0.8,0.8,0.3,1.1,17,65,3,0,0,0,0,0,0.05,0.02,0.06,0.05,0.06,7e+06
456,"Raheem Sterling","eng ENG","FW","Manchester City",25,1994,31,28,2536,28.2,10,7,17,10,0,1,4,0,11,10.2,5.7,15.9,129,67,351,0.35,0.25,0.6,0.35,0.6,0.39,0.2,0.59,0.36,0.57,7e+07
457,"Enda Stevens","ie IRL","DF","Sheffield Utd",30,1990,30,30,2700,30,0,1,1,0,0,0,6,0,1.3,1.3,1.6,2.9,44,124,99,0,0.03,0.03,0,0.03,0.04,0.05,0.1,0.04,0.1,NA
458,"John Stones","eng ENG","DF","Manchester City",26,1994,22,22,1933,21.5,4,0,4,4,0,0,0,1,1.8,1.8,0.1,1.8,38,101,3,0.19,0,0.19,0.19,0.19,0.08,0,0.09,0.08,0.09,2.8e+07
459,"Pascal Struijk","nl NED","DF,MF","Leeds United",20,1999,27,22,2075,23.1,1,0,1,1,0,0,3,0,1.7,1.7,0.1,1.8,4,71,5,0.04,0,0.04,0.04,0.04,0.07,0.01,0.08,0.07,0.08,1.5e+07
460,"Japhet Tanganga","eng ENG","DF","Tottenham",21,1999,6,6,487,5.4,0,0,0,0,0,0,2,0,0.4,0.4,0.6,1.1,8,14,11,0,0,0,0,0,0.08,0.12,0.2,0.08,0.2,1.2e+07
461,"Matt Targett","eng ENG","DF","Aston Villa",24,1995,38,38,3404,37.8,0,2,2,0,0,0,7,0,0.3,0.3,2.5,2.8,26,231,156,0,0.05,0.05,0,0.05,0.01,0.07,0.07,0.01,0.07,1.7e+07
461,"Matt Targett","eng ENG","DF","Aston Villa",24,1995,38,38,3404,37.8,0,2,2,0,0,0,7,0,0.3,0.3,2.5,2.8,26,231,156,0,0.05,0.05,0,0.05,0.01,0.07,0.07,0.01,0.07,1.7e+07
462,"James Tarkowski","eng ENG","DF","Burnley",27,1992,36,36,3240,36,1,0,1,1,0,0,6,0,3.4,3.4,1.2,4.5,4,83,13,0.03,0,0.03,0.03,0.03,0.09,0.03,0.13,0.09,0.13,2.2e+07
463,"Percy Tau","za RSA","FW","Brighton",26,1994,3,1,103,1.1,0,1,1,0,0,0,0,0,0,0,0.4,0.4,4,1,11,0,0.87,0.87,0,0.87,0,0.36,0.36,0,0.36,NA
464,"Sidnei Tavares","pt POR","MF","Leicester City",18,2001,2,1,85,0.9,0,0,0,0,0,0,0,0,0.1,0.1,0,0.1,1,2,6,0,0,0,0,0,0.06,0,0.06,0.06,0.06,NA
465,"Charlie Taylor","eng ENG","DF","Burnley",26,1993,29,28,2426,27,0,1,1,0,0,0,1,0,0.1,0.1,1.4,1.5,62,73,68,0,0.04,0.04,0,0.04,0,0.05,0.06,0,0.06,3e+06
466,"Neil Taylor","wls WAL","DF","Aston Villa",31,1989,1,0,16,0.2,0,0,0,0,0,0,1,0,0,0,0,0,0,1,0,0,0,0,0,0,0,0,0,0,0,NA
467,"Allan Tchaptchet","fr FRA","DF","Southampton",18,2001,1,0,13,0.1,0,0,0,0,0,0,0,0,0,0,0,0,0,0,0,0,0,0,0,0,0,0,0,0,0,NA
468,"Nathan Tella","ng NGA","FW,MF","Southampton",21,1999,18,7,745,8.3,1,1,2,1,0,0,2,0,1.6,1.6,0.8,2.4,19,9,36,0.12,0.12,0.24,0.12,0.24,0.2,0.09,0.29,0.2,0.29,1800000
469,"Alex Telles","br BRA","DF","Manchester Utd",27,1992,9,8,690,7.7,0,2,2,0,0,0,0,0,0.2,0.2,0.9,1,27,48,40,0,0.26,0.26,0,0.26,0.02,0.12,0.14,0.02,0.14,1.8e+07
470,"Kenny Tete","nl NED","DF,MF","Fulham",24,1995,22,18,1481,16.5,0,1,1,0,0,0,3,0,0.3,0.3,1.4,1.7,38,71,73,0,0.06,0.06,0,0.06,0.02,0.09,0.1,0.02,0.1,NA
471,"Luke Thomas","eng ENG","DF","Leicester City",19,2001,14,12,969,10.8,1,0,1,1,0,0,2,0,0.3,0.3,0.7,1,15,27,45,0.09,0,0.09,0.09,0.09,0.03,0.06,0.09,0.03,0.09,1.2e+07
472,"Youri Tielemans","be BEL","MF","Leicester City",23,1997,38,37,3357,37.3,6,4,10,4,2,2,6,0,4.4,2.8,3.1,5.9,52,272,66,0.16,0.11,0.27,0.11,0.21,0.12,0.08,0.2,0.08,0.16,5.5e+07
473,"Kieran Tierney","sct SCO","DF","Arsenal",23,1997,27,26,2299,25.5,1,3,4,1,0,0,4,0,0.5,0.5,3.5,4,82,95,194,0.04,0.12,0.16,0.04,0.16,0.02,0.14,0.16,0.02,0.16,3.2e+07
474,"James Tomkins","eng ENG","DF","Crystal Palace",31,1989,8,6,553,6.1,0,0,0,0,0,0,1,0,0.2,0.2,0.3,0.5,0,5,1,0,0,0,0,0,0.03,0.05,0.08,0.03,0.08,1500000
475,"Fikayo Tomori","eng ENG","DF","Chelsea",22,1997,1,0,45,0.5,0,0,0,0,0,0,0,0,0,0,0,0,0,0,0,0,0,0,0,0,0,0,0,0,0,NA
476,"Ferrán Torres","es ESP","FW,MF","Manchester City",20,2000,24,15,1306,14.5,7,2,9,7,0,0,1,0,4.9,4.9,2.2,7.1,30,31,118,0.48,0.14,0.62,0.48,0.62,0.33,0.15,0.49,0.33,0.49,NA
477,"Cenk Tosun","tr TUR","FW","Everton",29,1991,5,0,48,0.5,0,0,0,0,0,0,1,0,0,0,0.1,0.1,0,0,4,0,0,0,0,0,0,0.12,0.12,0,0.12,2e+06
478,"Andros Townsend","eng ENG","MF,FW","Crystal Palace",29,1991,34,25,2258,25.1,1,5,6,1,0,0,0,0,2.3,2.3,4,6.2,72,75,112,0.04,0.2,0.24,0.04,0.24,0.09,0.16,0.25,0.09,0.25,5e+06
479,"Conor Townsend","eng ENG","DF","West Brom",27,1993,25,25,2234,24.8,0,2,2,0,0,0,0,0,1.1,1.1,2.7,3.7,37,113,74,0,0.08,0.08,0,0.08,0.04,0.11,0.15,0.04,0.15,NA
480,"Adama Traoré","es ESP","FW,MF","Wolves",24,1996,37,28,2649,29.4,2,2,4,2,0,0,4,0,2,2,4.8,6.9,219,70,220,0.07,0.07,0.14,0.07,0.14,0.07,0.16,0.23,0.07,0.23,2e+07
481,"Bertrand Traoré","bf BFA","FW","Aston Villa",24,1995,36,29,2317,25.7,7,6,13,7,0,0,1,0,6.6,6.6,4.3,10.9,51,77,125,0.27,0.23,0.5,0.27,0.5,0.26,0.17,0.42,0.26,0.42,1.6e+07
482,"Trézéguet","eg EGY","FW","Aston Villa",25,1994,21,12,1166,13,2,1,3,2,0,0,0,0,3.8,3.8,2.1,5.9,31,35,79,0.15,0.08,0.23,0.15,0.23,0.29,0.16,0.46,0.29,0.46,NA
483,"Leandro Trossard","be BEL","MF,FW","Brighton",25,1994,35,30,2607,29,5,5,10,5,0,0,2,0,4.6,4.6,4.9,9.5,73,142,219,0.17,0.17,0.35,0.17,0.35,0.16,0.17,0.33,0.16,0.33,2e+07
484,"Kostas Tsimikas","gr GRE","DF,FW","Liverpool",24,1996,2,0,7,0.1,0,0,0,0,0,0,0,0,0,0,0,0,1,0,3,0,0,0,0,0,0,0,0,0,0,NA
485,"Axel Tuanzebe","cd COD","DF","Manchester Utd",22,1997,9,4,404,4.5,0,0,0,0,0,0,2,0,0,0,0,0,3,13,3,0,0,0,0,0,0,0,0,0,0,7e+06
486,"Cengiz Ünder","tr TUR","FW,MF","Leicester City",23,1997,9,1,281,3.1,0,2,2,0,0,0,0,0,0.3,0.3,1.6,1.9,12,7,39,0,0.64,0.64,0,0.64,0.09,0.51,0.59,0.09,0.59,NA
487,"Yan Valery","tn TUN","DF,MF","Southampton",21,1999,3,1,103,1.1,0,0,0,0,0,0,0,0,0.2,0.2,0.1,0.2,6,3,9,0,0,0,0,0,0.16,0.05,0.21,0.16,0.21,2500000
488,"Virgil van Dijk","nl NED","DF","Liverpool",29,1991,5,5,370,4.1,1,0,1,1,0,0,1,0,0.2,0.2,0,0.2,0,30,1,0.24,0,0.24,0.24,0.24,0.06,0,0.06,0.06,0.06,5.5e+07
489,"Jamie Vardy","eng ENG","FW","Leicester City",33,1987,34,31,2840,31.6,15,9,24,7,8,9,1,0,19.9,12.8,4.7,17.5,57,31,202,0.48,0.29,0.76,0.22,0.51,0.63,0.15,0.78,0.41,0.55,5e+06
490,"Joël Veltman","nl NED","DF","Brighton",28,1992,28,25,2281,25.3,1,1,2,1,0,0,3,0,1.1,1.1,1.7,2.8,39,136,99,0.04,0.04,0.08,0.04,0.08,0.04,0.07,0.11,0.04,0.11,1e+07
491,"Jannik Vestergaard","dk DEN","DF","Southampton",27,1992,30,29,2574,28.6,3,0,3,3,0,0,3,1,1.5,1.5,0.5,2.1,14,82,2,0.1,0,0.1,0.1,0.1,0.05,0.02,0.07,0.05,0.07,1.3e+07
492,"Rúben Vinagre","pt POR","MF,DF","Wolves",21,1999,2,1,173,1.9,0,0,0,0,0,0,0,0,0,0,0.1,0.1,4,2,11,0,0,0,0,0,0,0.03,0.03,0,0.03,NA
493,"Carlos Vinícius","br BRA","FW","Tottenham",25,1995,9,3,308,3.4,1,0,1,1,0,0,2,0,1.2,1.2,0.1,1.3,1,2,12,0.29,0,0.29,0.29,0.29,0.36,0.02,0.39,0.36,0.39,NA
494,"João Virgínia","pt POR","GK","Everton",20,1999,1,0,48,0.5,0,0,0,0,0,0,0,0,0,0,0,0,0,0,0,0,0,0,0,0,0,0,0,0,0,NA
495,"Vitinha","pt POR","MF","Wolves",20,2000,19,5,520,5.8,0,1,1,0,0,0,0,0,0.5,0.5,0.6,1.2,11,20,18,0,0.17,0.17,0,0.17,0.09,0.11,0.2,0.09,0.2,NA
496,"Jake Vokins","eng ENG","DF","Southampton",20,2000,1,1,66,0.7,0,0,0,0,0,0,0,0,0,0,0.1,0.1,1,3,2,0,0,0,0,0,0,0.08,0.08,0,0.08,NA
497,"Matěj Vydra","cz CZE","FW","Burnley",28,1992,28,15,1371,15.2,3,2,5,3,0,0,0,0,5.2,5.2,1.8,7,19,19,112,0.2,0.13,0.33,0.2,0.33,0.34,0.12,0.46,0.34,0.46,NA
498,"Theo Walcott","eng ENG","MF,FW","Southampton",31,1989,21,20,1618,18,3,3,6,3,0,0,0,0,2.3,2.3,1,3.3,37,37,105,0.17,0.17,0.33,0.17,0.33,0.13,0.06,0.18,0.13,0.18,1800000
499,"Theo Walcott","eng ENG","FW","Everton",31,1989,1,0,13,0.1,0,0,0,0,0,0,0,0,0,0,0,0,1,0,0,0,0,0,0,0,0,0,0,0,0,1800000
500,"Kyle Walker","eng ENG","DF","Manchester City",30,1990,24,22,1946,21.6,1,1,2,1,0,0,1,0,0.3,0.3,0.6,0.9,80,130,71,0.05,0.05,0.09,0.05,0.09,0.01,0.03,0.04,0.01,0.04,1.8e+07
501,"Kyle Walker-Peters","eng ENG","DF","Southampton",23,1997,30,30,2645,29.4,0,2,2,0,0,0,4,0,1,1,1.2,2.2,92,89,112,0,0.07,0.07,0,0.07,0.04,0.04,0.08,0.04,0.08,2.2e+07
502,"Aaron Wan-Bissaka","eng ENG","DF","Manchester Utd",22,1997,34,34,3060,34,2,4,6,2,0,0,3,0,0.9,0.9,2.3,3.2,89,145,176,0.06,0.12,0.18,0.06,0.18,0.03,0.07,0.09,0.03,0.09,2.5e+07
503,"Joel Ward","eng ENG","DF","Crystal Palace",30,1989,26,25,2256,25.1,0,1,1,0,0,0,5,0,0.1,0.1,0.6,0.6,20,83,35,0,0.04,0.04,0,0.04,0,0.02,0.02,0,0.02,2e+06
504,"James Ward-Prowse","eng ENG","MF","Southampton",25,1994,38,38,3420,38,8,7,15,5,3,4,5,0,5.7,2.5,3.9,6.4,34,189,51,0.21,0.18,0.39,0.13,0.32,0.15,0.1,0.25,0.07,0.17,3.2e+07
505,"Ollie Watkins","eng ENG","FW","Aston Villa",24,1995,37,37,3328,37,14,5,19,13,1,2,4,1,14.5,13,5.3,18.3,84,55,290,0.38,0.14,0.51,0.35,0.49,0.39,0.14,0.53,0.35,0.49,3.5e+07
506,"Caleb Watts","au AUS","MF","Southampton",18,2002,3,0,39,0.4,0,0,0,0,0,0,1,0,0,0,0,0,0,0,2,0,0,0,0,0,0,0,0,0,0,NA
507,"Adam Webster","eng ENG","DF","Brighton",25,1995,29,29,2594,28.8,1,0,1,1,0,0,4,0,2,2,0.2,2.2,42,133,4,0.03,0,0.03,0.03,0.03,0.07,0.01,0.08,0.07,0.08,1.7e+07
508,"Danny Welbeck","eng ENG","FW","Brighton",29,1990,24,17,1545,17.2,6,1,7,6,0,1,0,0,6.6,5.8,2.8,8.7,21,25,98,0.35,0.06,0.41,0.35,0.41,0.39,0.16,0.55,0.34,0.5,4e+06
509,"Timo Werner","de GER","FW,MF","Chelsea",24,1996,35,29,2602,28.9,6,8,14,6,0,0,2,0,11.4,11.4,5.6,17,103,69,238,0.21,0.28,0.48,0.21,0.48,0.39,0.19,0.59,0.39,0.59,3.5e+07
510,"Ashley Westwood","eng ENG","MF","Burnley",30,1990,38,38,3410,37.9,3,3,6,3,0,0,7,0,1.2,1.2,6.8,8,21,231,39,0.08,0.08,0.16,0.08,0.16,0.03,0.18,0.21,0.03,0.21,2e+06
511,"Ben White","eng ENG","DF,MF","Brighton",22,1997,36,36,3191,35.5,0,0,0,0,0,0,5,1,0.5,0.5,0.9,1.4,50,149,38,0,0,0,0,0,0.01,0.03,0.04,0.01,0.04,4e+07
512,"Georginio Wijnaldum","nl NED","MF","Liverpool",29,1990,38,34,2941,32.7,2,0,2,2,0,0,1,0,2.6,2.6,1.4,3.9,62,133,59,0.06,0,0.06,0.06,0.06,0.08,0.04,0.12,0.08,0.12,NA
513,"Brandon Williams","eng ENG","DF","Manchester Utd",19,2000,4,2,188,2.1,0,0,0,0,0,0,0,0,0.2,0.2,0,0.3,5,5,7,0,0,0,0,0,0.11,0.02,0.13,0.11,0.13,1.2e+07
513,"Brandon Williams","eng ENG","DF","Manchester Utd",19,2000,4,2,188,2.1,0,0,0,0,0,0,0,0,0.2,0.2,0,0.3,5,5,7,0,0,0,0,0,0.11,0.02,0.13,0.11,0.13,1.2e+07
514,"Neco Williams","wls WAL","DF","Liverpool",19,2001,6,3,249,2.8,0,0,0,0,0,0,1,0,0.1,0.1,0.2,0.3,10,14,29,0,0,0,0,0,0.03,0.06,0.09,0.03,0.09,8e+06
515,"Rhys Williams","eng ENG","DF","Liverpool",19,2001,9,7,661,7.3,0,0,0,0,0,0,0,0,0.5,0.5,0.2,0.7,2,23,1,0,0,0,0,0,0.07,0.02,0.09,0.07,0.09,4e+06
516,"Willian","br BRA","FW","Arsenal",31,1988,25,16,1406,15.6,1,5,6,1,0,0,0,0,1.9,1.9,3,5,51,78,119,0.06,0.32,0.38,0.06,0.38,0.12,0.19,0.32,0.12,0.32,NA
517,"Joe Willock","eng ENG","MF","Arsenal",20,1999,7,2,238,2.6,0,0,0,0,0,0,1,0,0.3,0.3,0.1,0.3,8,11,13,0,0,0,0,0,0.1,0.02,0.12,0.1,0.12,2.2e+07
518,"Joe Willock","eng ENG","MF","Newcastle Utd",20,1999,14,11,978,10.9,8,0,8,8,0,1,0,0,3.9,3,0.5,3.5,23,29,34,0.74,0,0.74,0.74,0.74,0.36,0.05,0.41,0.28,0.33,2.2e+07
519,"Callum Wilson","eng ENG","FW","Newcastle Utd",28,1992,26,23,2084,23.2,12,5,17,8,4,4,2,0,12.4,9.3,2.8,12.1,42,32,116,0.52,0.22,0.73,0.35,0.56,0.54,0.12,0.66,0.4,0.52,1.8e+07
520,"Harry Winks","eng ENG","MF","Tottenham",24,1996,15,9,861,9.6,0,0,0,0,0,0,5,0,0.1,0.1,0.2,0.2,9,62,1,0,0,0,0,0,0.01,0.02,0.02,0.01,0.02,1.5e+07
521,"Chris Wood","nz NZL","FW","Burnley",28,1991,33,32,2741,30.5,12,3,15,10,2,2,0,0,13,11.4,1.9,13.4,17,20,217,0.39,0.1,0.49,0.33,0.43,0.43,0.06,0.49,0.38,0.44,1e+07
521,"Chris Wood","nz NZL","FW","Burnley",28,1991,33,32,2741,30.5,12,3,15,10,2,2,0,0,13,11.4,1.9,13.4,17,20,217,0.39,0.1,0.49,0.33,0.43,0.43,0.06,0.49,0.38,0.44,1e+07
522,"Granit Xhaka","ch SUI","MF,DF","Arsenal",27,1992,31,29,2522,28,1,2,3,1,0,0,7,1,0.9,0.9,1.5,2.3,41,276,31,0.04,0.07,0.11,0.04,0.11,0.03,0.05,0.08,0.03,0.08,2e+07
523,"Andriy Yarmolenko","ua UKR","FW,MF","West Ham",30,1989,15,1,375,4.2,0,1,1,0,0,0,3,0,0.3,0.3,0.8,1.1,22,17,38,0,0.24,0.24,0,0.24,0.06,0.19,0.25,0.06,0.25,2500000
524,"DeAndre Yedlin","us USA","DF","Newcastle Utd",27,1993,6,5,436,4.8,0,0,0,0,0,0,0,0,0.1,0.1,0.1,0.2,6,12,15,0,0,0,0,0,0.02,0.02,0.04,0.02,0.04,NA
525,"Okay Yokuşlu","tr TUR","MF","West Brom",26,1994,16,15,1317,14.6,0,1,1,0,0,0,4,0,0.9,0.9,0.7,1.5,5,54,5,0,0.07,0.07,0,0.07,0.06,0.05,0.1,0.06,0.1,NA
526,"Wilfried Zaha","ci CIV","FW","Crystal Palace",27,1992,30,29,2612,29,11,2,13,9,2,2,6,0,8.1,6.5,3.1,9.6,103,72,259,0.38,0.07,0.45,0.31,0.38,0.28,0.11,0.39,0.22,0.33,3.8e+07
527,"Andre-Frank Zambo Anguissa","cm CMR","MF","Fulham",24,1995,36,29,2587,28.7,0,3,3,0,0,0,6,0,1.6,1.6,2.5,4,81,156,68,0,0.1,0.1,0,0.1,0.05,0.09,0.14,0.05,0.14,NA
528,"Andi Zeqiri","ch SUI","FW,DF","Brighton",21,1999,9,0,171,1.9,0,0,0,0,0,0,0,0,0.7,0.7,0.1,0.8,2,2,14,0,0,0,0,0,0.38,0.04,0.42,0.38,0.42,2300000
529,"Oleksandr Zinchenko","ua UKR","DF","Manchester City",23,1996,20,15,1478,16.4,0,0,0,0,0,0,0,0,0.7,0.7,0.9,1.6,38,118,65,0,0,0,0,0,0.04,0.06,0.1,0.04,0.1,2.5e+07
530,"Hakim Ziyech","ma MAR","MF,FW","Chelsea",27,1993,23,15,1172,13,2,3,5,2,0,0,3,0,1.9,1.9,3.6,5.5,27,91,108,0.15,0.23,0.38,0.15,0.38,0.14,0.28,0.42,0.14,0.42,2.8e+07
531,"Kurt Zouma","fr FRA","DF","Chelsea",25,1994,24,22,2029,22.5,5,0,5,5,0,0,3,0,2,2,0.1,2.1,14,74,8,0.22,0,0.22,0.22,0.22,0.09,0,0.09,0.09,0.09,2.8e+07
531,"Kurt Zouma","fr FRA","DF","Chelsea",25,1994,24,22,2029,22.5,5,0,5,5,0,0,3,0,2,2,0.1,2.1,14,74,8,0.22,0,0.22,0.22,0.22,0.09,0,0.09,0.09,0.09,2.8e+07
532,"Martin Ødegaard","no NOR","MF","Arsenal",21,1998,14,9,866,9.6,1,2,3,1,0,0,0,0,0.7,0.7,2,2.7,16,65,49,0.1,0.21,0.31,0.1,0.31,0.08,0.21,0.29,0.08,0.29,4.5e+07
